score_frame,audio_frame
0,0
1,1
2,2
3,3
4,4
5,5
6,6
7,7
8,8
9,9
10,10
11,11
12,12
13,13
14,14
15,15
16,16
17,17
18,18
19,19
20,20
21,21
22,22
23,23
24,24
25,25
26,26
27,27
28,28
29,29
30,30
31,31
32,32
33,33
34,34
35,35
36,36
37,37
38,38
39,39
40,40
41,41
42,42
43,43
44,44
45,44
46,44
47,45
48,46
49,47
50,48
51,49
52,50
53,51
54,52
55,53
56,54
57,55
58,56
59,57
60,58
61,59
62,60
63,60
64,60
65,61
66,62
67,63
68,64
69,65
70,66
71,67
72,68
73,69
74,70
75,71
76,72
77,73
78,74
79,75
80,76
81,77
82,78
83,79
84,80
85,81
86,82
87,82
88,82
89,82
90,82
91,82
92,82
93,82
94,82
95,82
96,82
97,82
98,82
99,82
100,82
101,82
102,82
103,82
104,82
105,82
106,82
107,82
108,82
109,82
110,82
111,82
112,82
113,82
114,82
115,82
116,83
117,84
118,85
119,86
120,87
121,88
122,89
123,90
124,91
125,92
126,93
127,94
128,95
129,96
130,97
131,98
132,99
133,100
134,101
135,102
136,103
137,104
138,105
139,106
140,107
141,108
142,109
143,110
144,111
145,112
146,113
147,114
148,115
149,116
150,117
151,118
152,119
153,120
154,121
155,122
156,123
157,124
158,125
159,126
160,127
161,128
162,129
163,129
164,129
165,129
166,129
167,129
168,129
169,129
170,129
171,129
172,129
173,130
174,131
175,132
176,133
177,134
178,135
179,136
180,137
181,137
182,137
183,137
184,138
185,139
186,140
187,141
188,142
189,143
190,144
191,145
192,146
193,147
194,148
195,149
196,150
197,151
198,152
199,153
200,154
201,155
202,156
203,157
204,158
205,159
206,160
207,160
208,160
209,160
210,160
211,160
212,160
213,160
214,160
215,160
216,160
217,160
218,160
219,160
220,160
221,160
222,160
223,160
224,160
225,160
226,160
227,160
228,160
229,160
230,160
231,160
232,160
233,160
234,160
235,160
236,160
237,160
238,160
239,160
240,160
241,160
242,161
243,162
244,163
245,164
246,165
247,166
248,167
249,168
250,169
251,170
252,171
253,172
254,173
255,174
256,175
257,176
258,177
259,178
260,179
261,180
262,181
263,182
264,183
265,184
266,185
267,186
268,187
269,188
270,189
271,190
272,191
273,192
274,193
275,194
276,195
277,196
278,197
279,198
280,199
281,200
282,201
283,202
284,202
285,202
286,202
287,202
288,202
289,202
290,202
291,202
292,203
293,204
294,205
295,206
296,207
297,208
298,209
299,210
300,211
301,212
302,213
303,214
304,215
305,216
306,217
307,218
308,219
309,220
310,221
311,222
312,223
313,224
314,225
315,226
316,227
317,228
318,229
319,230
320,231
321,232
322,233
323,234
324,235
325,236
326,237
327,238
328,239
329,240
330,241
331,242
332,242
333,242
334,242
335,242
336,242
337,242
338,242
339,242
340,242
341,242
342,242
343,242
344,242
345,242
346,242
347,242
348,242
349,242
350,242
351,242
352,242
353,242
354,242
355,242
356,242
357,242
358,242
359,242
360,243
361,244
362,245
363,246
364,246
365,246
366,246
367,246
368,246
369,246
370,246
371,246
372,246
373,246
374,246
375,247
376,248
377,249
378,250
379,251
380,252
381,253
382,254
383,255
384,256
385,257
386,258
387,259
388,260
389,260
390,260
391,260
392,260
393,261
394,262
395,263
396,264
397,265
398,266
399,267
400,268
401,269
402,270
403,271
404,272
405,273
406,274
407,275
408,276
409,277
410,278
411,279
412,280
413,280
414,280
415,280
416,281
417,282
418,283
419,284
420,285
421,286
422,286
423,286
424,286
425,286
426,286
427,286
428,286
429,286
430,286
431,287
432,288
433,289
434,290
435,291
436,292
437,293
438,294
439,295
440,296
441,297
442,298
443,299
444,300
445,301
446,302
447,303
448,304
449,305
450,306
451,307
452,308
453,309
454,310
455,311
456,312
457,313
458,314
459,315
460,316
461,317
462,318
463,319
464,320
465,321
466,322
467,323
468,324
469,325
470,326
471,327
472,328
473,329
474,330
475,331
476,331
477,331
478,331
479,331
480,331
481,331
482,331
483,331
484,331
485,331
486,331
487,331
488,331
489,331
490,331
491,331
492,331
493,331
494,331
495,331
496,331
497,331
498,331
499,331
500,331
501,331
502,331
503,331
504,331
505,331
506,331
507,331
508,332
509,333
510,334
511,335
512,336
513,337
514,338
515,339
516,340
517,341
518,342
519,343
520,344
521,345
522,346
523,347
524,348
525,348
526,348
527,348
528,348
529,348
530,348
531,348
532,348
533,348
534,348
535,349
536,350
537,351
538,352
539,353
540,354
541,355
542,356
543,357
544,358
545,358
546,358
547,358
548,358
549,358
550,358
551,358
552,358
553,359
554,360
555,361
556,362
557,363
558,364
559,365
560,366
561,367
562,368
563,369
564,370
565,371
566,372
567,373
568,374
569,375
570,376
571,377
572,378
573,379
574,380
575,381
576,382
577,383
578,384
579,385
580,386
581,387
582,388
583,389
584,390
585,391
586,392
587,392
588,392
589,392
590,392
591,392
592,392
593,392
594,392
595,392
596,392
597,392
598,392
599,392
600,392
601,392
602,392
603,392
604,392
605,392
606,392
607,393
608,394
609,395
610,396
611,397
612,398
613,399
614,400
615,401
616,402
617,403
618,404
619,405
620,406
621,407
622,408
623,409
624,410
625,411
626,412
627,413
628,414
629,415
630,416
631,417
632,418
633,419
634,420
635,421
636,422
637,423
638,424
639,425
640,426
641,427
642,428
643,429
644,430
645,431
646,431
647,431
648,431
649,431
650,431
651,431
652,431
653,431
654,431
655,431
656,431
657,431
658,432
659,433
660,434
661,434
662,434
663,434
664,434
665,435
666,436
667,437
668,438
669,439
670,440
671,441
672,442
673,443
674,444
675,445
676,446
677,447
678,448
679,449
680,450
681,451
682,452
683,453
684,454
685,455
686,456
687,457
688,458
689,459
690,460
691,461
692,462
693,463
694,464
695,465
696,466
697,467
698,468
699,469
700,470
701,471
702,472
703,473
704,474
705,475
706,476
707,477
708,478
709,479
710,480
711,481
712,482
713,482
714,482
715,482
716,482
717,482
718,482
719,482
720,482
721,482
722,482
723,482
724,482
725,482
726,482
727,482
728,482
729,482
730,482
731,482
732,482
733,482
734,482
735,482
736,482
737,482
738,482
739,482
740,482
741,482
742,483
743,484
744,485
745,486
746,487
747,488
748,489
749,490
750,491
751,492
752,493
753,494
754,495
755,496
756,497
757,498
758,499
759,500
760,501
761,502
762,503
763,503
764,503
765,503
766,503
767,503
768,503
769,503
770,503
771,504
772,505
773,506
774,507
775,508
776,509
777,510
778,511
779,512
780,513
781,514
782,515
783,516
784,517
785,518
786,519
787,520
788,521
789,522
790,523
791,523
792,523
793,523
794,523
795,523
796,523
797,524
798,525
799,526
800,527
801,528
802,529
803,530
804,531
805,531
806,531
807,531
808,531
809,531
810,531
811,531
812,531
813,531
814,531
815,531
816,532
817,533
818,534
819,535
820,536
821,537
822,538
823,539
824,540
825,541
826,542
827,543
828,544
829,545
830,546
831,547
832,548
833,548
834,548
835,548
836,549
837,550
838,551
839,552
840,553
841,554
842,555
843,556
844,557
845,558
846,558
847,559
848,560
849,561
850,562
851,563
852,564
853,565
854,566
855,567
856,568
857,569
858,570
859,571
860,572
860,573
861,574
862,575
863,576
864,577
865,578
866,579
867,580
868,581
869,582
870,583
871,584
872,585
873,586
874,587
875,588
876,589
877,590
878,591
879,592
880,593
881,594
882,595
883,596
884,597
885,598
886,599
887,600
888,601
889,602
890,603
891,604
892,605
893,606
894,607
895,608
896,609
897,610
898,611
899,612
900,613
901,614
902,615
903,616
904,617
905,618
906,619
907,620
908,621
909,622
910,623
911,624
912,625
913,626
914,627
915,628
916,629
917,630
918,631
919,632
920,633
921,634
922,635
923,636
924,637
925,638
926,639
927,640
928,641
929,642
930,643
931,644
932,645
933,646
934,647
935,648
936,649
937,650
938,651
939,652
940,653
941,654
942,655
943,656
944,657
945,658
946,659
947,660
948,661
949,662
950,663
951,664
952,665
953,666
954,667
955,668
956,669
957,670
958,671
959,672
960,673
960,674
960,675
961,676
962,677
963,678
964,679
965,680
966,681
967,682
968,683
969,684
970,685
971,686
972,687
973,688
974,689
975,690
976,691
977,692
978,693
979,694
980,695
981,696
982,697
983,698
984,699
985,700
986,701
987,702
988,703
989,704
990,705
991,706
992,707
993,708
994,709
995,710
996,711
997,712
998,713
999,714
1000,715
1001,716
1002,717
1003,718
1004,719
1005,720
1006,721
1007,722
1008,723
1009,723
1010,723
1011,723
1012,723
1013,724
1014,725
1015,726
1016,727
1017,728
1018,729
1019,730
1020,731
1021,732
1022,733
1023,734
1024,735
1025,736
1026,737
1027,738
1028,739
1029,740
1030,741
1031,742
1032,742
1033,742
1034,742
1035,742
1036,742
1037,743
1038,744
1039,745
1040,746
1041,747
1042,748
1043,749
1044,750
1045,751
1046,752
1047,753
1048,754
1049,755
1050,756
1051,757
1052,758
1053,759
1054,760
1055,761
1056,762
1057,763
1058,764
1059,765
1060,766
1061,767
1062,768
1063,769
1064,770
1065,771
1066,772
1067,773
1068,774
1069,775
1070,776
1071,777
1072,778
1073,779
1074,780
1075,781
1076,782
1077,783
1078,784
1079,785
1080,786
1081,787
1082,788
1083,789
1084,790
1085,791
1086,792
1087,793
1088,794
1089,794
1090,794
1091,794
1092,794
1093,794
1094,794
1095,794
1096,794
1097,794
1098,794
1099,794
1100,794
1101,794
1102,794
1103,794
1104,794
1105,794
1106,794
1107,794
1108,794
1109,794
1110,794
1111,794
1112,795
1113,796
1114,797
1115,798
1116,799
1117,800
1118,801
1119,802
1120,803
1121,804
1122,805
1123,805
1124,805
1125,805
1126,805
1127,805
1128,805
1129,805
1130,805
1131,805
1132,805
1133,806
1134,807
1135,808
1136,809
1137,810
1138,811
1139,812
1140,813
1141,814
1142,815
1143,816
1144,817
1145,818
1146,819
1147,820
1148,821
1149,822
1150,823
1151,824
1152,825
1153,826
1154,827
1155,828
1156,828
1157,828
1158,829
1159,830
1160,831
1161,832
1162,833
1163,834
1164,835
1165,836
1166,837
1167,838
1168,839
1169,840
1170,841
1171,842
1172,843
1173,844
1174,845
1175,846
1176,847
1177,848
1178,849
1179,850
1180,851
1181,852
1182,853
1183,853
1184,853
1185,853
1186,853
1187,853
1188,853
1189,853
1190,853
1191,853
1192,853
1193,853
1194,853
1195,853
1196,853
1197,853
1198,853
1199,853
1200,853
1201,853
1202,853
1203,853
1204,853
1205,853
1206,853
1207,853
1208,853
1209,853
1210,853
1211,853
1212,853
1213,853
1214,853
1215,853
1216,853
1217,853
1218,853
1219,854
1220,855
1221,856
1222,857
1223,858
1224,859
1225,860
1226,861
1227,862
1228,863
1229,864
1230,865
1231,866
1232,867
1233,868
1234,869
1235,870
1236,871
1237,872
1238,873
1239,874
1240,875
1241,876
1242,877
1243,878
1244,879
1245,880
1246,881
1247,882
1248,883
1249,883
1250,883
1251,883
1252,883
1253,883
1254,883
1255,883
1256,883
1257,883
1258,883
1259,884
1260,885
1261,886
1262,887
1263,888
1264,889
1265,890
1266,891
1267,892
1268,893
1269,894
1270,895
1271,896
1272,896
1273,896
1274,896
1275,896
1276,896
1277,896
1278,897
1279,898
1280,899
1281,900
1282,900
1283,900
1284,900
1285,900
1286,900
1287,900
1288,900
1289,900
1290,900
1291,900
1292,900
1293,900
1294,900
1295,901
1296,902
1297,903
1298,904
1299,905
1300,906
1301,907
1302,908
1303,909
1304,910
1305,911
1306,912
1307,913
1308,914
1309,915
1310,916
1311,916
1312,916
1313,916
1314,916
1315,916
1316,916
1317,916
1318,916
1319,916
1320,917
1321,918
1322,919
1323,920
1324,921
1325,922
1326,923
1327,924
1328,925
1329,926
1330,926
1331,926
1332,926
1333,926
1334,926
1335,926
1336,926
1337,926
1338,926
1339,927
1340,928
1341,929
1342,930
1343,931
1344,932
1345,933
1346,934
1347,935
1348,936
1349,937
1350,937
1351,937
1352,937
1353,938
1354,939
1355,940
1356,941
1357,942
1358,943
1359,944
1360,945
1361,946
1362,947
1363,948
1364,949
1365,950
1366,951
1367,952
1368,953
1369,954
1370,955
1371,956
1372,957
1373,957
1374,957
1375,957
1376,957
1377,958
1378,959
1379,960
1380,961
1381,962
1382,963
1383,964
1384,964
1385,964
1386,964
1387,964
1388,964
1389,964
1390,964
1391,965
1392,966
1393,967
1394,968
1395,969
1396,970
1397,971
1398,972
1399,973
1400,974
1401,975
1402,976
1403,977
1404,978
1405,979
1406,980
1407,981
1408,982
1409,983
1410,984
1411,985
1412,986
1413,987
1414,988
1415,989
1416,990
1417,991
1418,992
1419,993
1420,994
1421,995
1422,996
1423,997
1424,998
1425,999
1426,1000
1427,1001
1428,1002
1429,1003
1430,1004
1431,1005
1432,1006
1433,1006
1434,1006
1435,1006
1436,1006
1437,1006
1438,1006
1439,1006
1440,1006
1441,1006
1442,1006
1443,1006
1444,1006
1445,1006
1446,1006
1447,1006
1448,1006
1449,1006
1450,1006
1451,1006
1452,1006
1453,1006
1454,1006
1455,1006
1456,1006
1457,1006
1458,1006
1459,1006
1460,1006
1461,1006
1462,1006
1463,1006
1464,1006
1465,1006
1466,1006
1467,1006
1468,1007
1469,1008
1470,1009
1471,1010
1472,1011
1473,1012
1474,1013
1475,1014
1476,1015
1477,1016
1478,1017
1479,1018
1480,1019
1481,1020
1482,1021
1483,1022
1484,1022
1485,1022
1486,1022
1487,1022
1488,1022
1489,1022
1490,1022
1491,1023
1492,1024
1493,1025
1494,1026
1495,1027
1496,1028
1497,1029
1498,1030
1499,1031
1500,1032
1501,1033
1502,1034
1503,1035
1504,1036
1505,1037
1506,1038
1507,1039
1508,1039
1509,1039
1510,1039
1511,1039
1512,1039
1513,1039
1514,1039
1515,1039
1516,1039
1517,1039
1518,1039
1519,1040
1520,1041
1521,1042
1522,1043
1523,1044
1524,1045
1525,1046
1526,1047
1527,1048
1528,1049
1529,1050
1530,1051
1531,1052
1532,1053
1533,1054
1534,1055
1535,1056
1536,1057
1537,1058
1538,1059
1539,1060
1540,1061
1541,1062
1542,1063
1543,1064
1544,1065
1545,1066
1546,1067
1547,1068
1548,1069
1549,1069
1550,1069
1551,1069
1552,1069
1553,1069
1554,1069
1555,1069
1556,1069
1557,1069
1558,1069
1559,1069
1560,1069
1561,1069
1562,1069
1563,1069
1564,1069
1565,1069
1566,1069
1567,1069
1568,1069
1569,1069
1570,1069
1571,1069
1572,1069
1573,1069
1574,1069
1575,1069
1576,1069
1577,1069
1578,1069
1579,1069
1580,1070
1581,1071
1582,1072
1583,1073
1584,1074
1585,1075
1586,1076
1587,1077
1588,1078
1589,1079
1590,1080
1591,1081
1592,1082
1593,1083
1594,1084
1595,1085
1596,1086
1597,1087
1598,1088
1599,1089
1600,1090
1601,1091
1602,1092
1603,1093
1604,1094
1605,1095
1606,1096
1607,1097
1608,1098
1609,1099
1610,1100
1611,1101
1612,1101
1613,1101
1614,1101
1615,1101
1616,1101
1617,1101
1618,1101
1619,1102
1620,1103
1621,1104
1622,1105
1623,1106
1624,1107
1625,1108
1626,1109
1627,1110
1628,1111
1629,1112
1630,1113
1631,1114
1632,1115
1633,1116
1634,1117
1635,1117
1636,1117
1637,1117
1638,1117
1639,1118
1640,1119
1641,1120
1642,1121
1643,1122
1644,1123
1645,1124
1646,1125
1647,1126
1648,1127
1649,1128
1650,1129
1651,1130
1652,1131
1653,1132
1654,1133
1655,1134
1656,1135
1657,1136
1658,1137
1659,1138
1660,1139
1661,1140
1662,1141
1663,1142
1664,1143
1665,1144
1666,1145
1667,1146
1668,1147
1669,1148
1670,1149
1671,1150
1672,1151
1673,1152
1674,1153
1675,1154
1676,1155
1677,1155
1678,1155
1679,1155
1680,1155
1681,1155
1682,1155
1683,1155
1684,1155
1685,1155
1686,1155
1687,1155
1688,1156
1689,1157
1690,1158
1691,1159
1692,1160
1693,1161
1694,1162
1695,1163
1696,1164
1697,1165
1698,1166
1699,1167
1700,1168
1701,1169
1702,1170
1703,1171
1704,1172
1705,1173
1706,1174
1707,1175
1708,1176
1709,1177
1710,1178
1711,1179
1712,1180
1713,1181
1714,1182
1715,1183
1716,1184
1717,1185
1718,1186
1719,1187
1720,1188
1721,1189
1722,1190
1723,1191
1724,1192
1725,1193
1726,1193
1727,1194
1728,1195
1729,1196
1730,1197
1731,1198
1732,1199
1733,1200
1734,1201
1735,1202
1736,1203
1737,1204
1738,1205
1739,1206
1740,1207
1741,1208
1742,1209
1743,1210
1744,1211
1745,1212
1746,1213
1747,1214
1748,1215
1749,1216
1750,1217
1751,1218
1752,1219
1753,1220
1754,1221
1755,1222
1756,1223
1757,1224
1758,1225
1759,1226
1760,1227
1761,1228
1762,1229
1763,1230
1764,1231
1765,1232
1766,1233
1767,1234
1768,1235
1769,1236
1770,1237
1771,1238
1772,1239
1773,1240
1774,1241
1775,1242
1776,1242
1777,1242
1778,1242
1779,1242
1780,1243
1781,1244
1782,1245
1783,1246
1784,1247
1785,1248
1786,1249
1787,1250
1788,1251
1789,1252
1790,1253
1791,1253
1792,1253
1793,1253
1794,1253
1795,1253
1796,1253
1797,1253
1798,1254
1799,1255
1800,1256
1801,1257
1802,1258
1803,1259
1804,1260
1805,1261
1806,1262
1807,1263
1808,1264
1809,1265
1810,1266
1811,1266
1812,1266
1813,1266
1814,1266
1815,1266
1816,1266
1817,1266
1818,1266
1819,1267
1820,1268
1821,1269
1822,1270
1823,1271
1824,1272
1825,1273
1826,1274
1827,1275
1828,1276
1829,1277
1830,1278
1831,1279
1832,1280
1833,1280
1834,1280
1835,1280
1836,1280
1837,1280
1838,1280
1839,1281
1840,1282
1841,1283
1842,1284
1843,1285
1844,1286
1845,1287
1846,1288
1847,1289
1848,1290
1849,1291
1850,1292
1851,1293
1852,1294
1853,1295
1854,1296
1855,1297
1856,1298
1857,1299
1858,1300
1859,1301
1860,1302
1861,1303
1862,1304
1863,1305
1864,1306
1865,1307
1866,1308
1867,1309
1868,1310
1869,1311
1870,1312
1871,1313
1872,1314
1873,1315
1874,1316
1875,1317
1876,1318
1877,1319
1878,1320
1879,1321
1880,1322
1881,1323
1882,1324
1883,1325
1884,1326
1885,1327
1886,1328
1887,1329
1888,1330
1889,1331
1890,1332
1891,1333
1892,1334
1893,1335
1894,1336
1895,1337
1896,1338
1897,1339
1898,1340
1899,1341
1900,1342
1901,1343
1902,1344
1903,1345
1904,1346
1905,1347
1906,1348
1907,1349
1908,1350
1909,1351
1910,1352
1911,1353
1912,1354
1913,1355
1914,1356
1915,1357
1916,1358
1917,1359
1918,1360
1919,1361
1920,1362
1921,1363
1922,1364
1923,1365
1924,1366
1925,1367
1926,1368
1927,1369
1928,1370
1929,1371
1930,1372
1931,1373
1932,1374
1933,1375
1934,1376
1935,1377
1936,1378
1937,1379
1938,1379
1939,1379
1940,1379
1941,1379
1942,1379
1943,1379
1944,1379
1945,1379
1946,1379
1947,1379
1948,1379
1949,1380
1950,1381
1951,1382
1952,1383
1953,1384
1954,1385
1955,1386
1956,1387
1957,1388
1958,1389
1959,1390
1960,1391
1960,1392
1960,1393
1960,1394
1960,1395
1960,1396
1960,1397
1960,1398
1961,1399
1962,1400
1963,1401
1964,1402
1965,1403
1966,1404
1967,1405
1968,1406
1969,1407
1970,1408
1971,1409
1972,1410
1973,1411
1974,1412
1975,1413
1976,1414
1977,1415
1978,1416
1979,1417
1980,1418
1981,1418
1982,1418
1983,1419
1984,1420
1985,1421
1986,1422
1987,1423
1988,1424
1989,1425
1990,1426
1991,1427
1992,1428
1993,1429
1994,1430
1995,1431
1996,1432
1997,1433
1998,1434
1999,1435
2000,1436
2001,1437
2002,1438
2003,1439
2004,1440
2005,1441
2006,1442
2007,1442
2008,1442
2009,1442
2010,1442
2011,1442
2012,1443
2013,1444
2014,1445
2015,1446
2016,1447
2017,1448
2018,1449
2019,1450
2020,1451
2020,1452
2020,1453
2020,1454
2020,1455
2020,1456
2020,1457
2020,1458
2020,1459
2020,1460
2020,1461
2020,1462
2020,1463
2020,1464
2020,1465
2020,1466
2020,1467
2020,1468
2020,1469
2020,1470
2020,1471
2020,1472
2020,1473
2020,1474
2020,1475
2020,1476
2020,1477
2020,1478
2020,1479
2020,1480
2020,1481
2020,1482
2020,1483
2020,1484
2020,1485
2020,1486
2020,1487
2020,1488
2020,1489
2020,1490
2020,1491
2020,1492
2020,1493
2020,1494
2020,1495
2020,1496
2020,1497
2020,1498
2020,1499
2020,1500
2020,1501
2020,1502
2020,1503
2020,1504
2020,1505
2020,1506
2020,1507
2020,1508
2020,1509
2020,1510
2020,1511
2020,1512
2020,1513
2020,1514
2020,1515
2020,1516
2020,1517
2020,1518
2020,1519
2020,1520
2020,1521
2020,1522
2020,1523
2020,1524
2020,1525
2020,1526
2020,1527
2020,1528
2020,1529
2020,1530
2021,1531
2022,1532
2023,1533
2024,1534
2025,1535
2026,1536
2027,1537
2028,1538
2029,1539
2030,1540
2031,1541
2032,1542
2033,1543
2034,1544
2035,1545
2036,1546
2037,1547
2038,1548
2039,1549
2040,1550
2040,1551
2040,1552
2040,1553
2040,1554
2040,1555
2040,1556
2040,1557
2040,1558
2040,1559
2040,1560
2040,1561
2040,1562
2040,1563
2040,1564
2040,1565
2040,1566
2040,1567
2040,1568
2040,1569
2040,1570
2040,1571
2040,1572
2040,1573
2040,1574
2040,1575
2041,1576
2042,1577
2043,1578
2044,1579
2045,1580
2046,1581
2047,1582
2048,1583
2049,1584
2050,1585
2051,1586
2052,1587
2053,1588
2054,1589
2055,1590
2056,1591
2057,1592
2058,1593
2059,1594
2060,1595
2060,1596
2061,1597
2062,1598
2063,1599
2064,1600
2065,1601
2066,1602
2067,1603
2068,1604
2069,1605
2070,1606
2071,1607
2072,1608
2073,1609
2074,1610
2075,1611
2076,1612
2077,1613
2078,1614
2079,1615
2080,1616
2081,1617
2082,1618
2083,1619
2084,1620
2085,1621
2086,1622
2087,1623
2088,1624
2089,1625
2090,1626
2091,1627
2092,1628
2093,1629
2094,1630
2095,1631
2096,1632
2097,1633
2098,1634
2099,1635
2100,1636
2100,1637
2100,1638
2100,1639
2100,1640
2100,1641
2100,1642
2101,1643
2102,1644
2103,1645
2104,1646
2105,1647
2106,1648
2107,1649
2108,1650
2109,1651
2110,1652
2111,1653
2112,1654
2113,1655
2114,1656
2115,1657
2116,1658
2117,1659
2118,1660
2119,1661
2120,1662
2121,1663
2122,1664
2123,1665
2124,1666
2125,1667
2126,1668
2127,1669
2128,1670
2129,1671
2130,1672
2131,1672
2132,1672
2133,1673
2134,1674
2135,1675
2136,1676
2137,1677
2138,1678
2139,1679
2140,1680
2140,1681
2140,1682
2140,1683
2140,1684
2140,1685
2140,1686
2140,1687
2140,1688
2140,1689
2140,1690
2140,1691
2140,1692
2140,1693
2140,1694
2140,1695
2140,1696
2140,1697
2140,1698
2140,1699
2140,1700
2140,1701
2140,1702
2140,1703
2140,1704
2140,1705
2140,1706
2140,1707
2140,1708
2140,1709
2140,1710
2140,1711
2140,1712
2140,1713
2140,1714
2140,1715
2140,1716
2140,1717
2140,1718
2140,1719
2140,1720
2140,1721
2140,1722
2140,1723
2140,1724
2140,1725
2140,1726
2140,1727
2140,1728
2140,1729
2140,1730
2140,1731
2140,1732
2140,1733
2140,1734
2140,1735
2140,1736
2140,1737
2140,1738
2140,1739
2140,1740
2140,1741
2140,1742
2141,1743
2142,1744
2143,1745
2144,1746
2145,1747
2146,1748
2147,1749
2148,1750
2149,1751
2150,1752
2151,1753
2152,1754
2153,1755
2154,1756
2155,1757
2156,1758
2157,1759
2158,1760
2159,1761
2160,1762
2161,1763
2162,1764
2163,1765
2164,1766
2165,1767
2166,1768
2167,1769
2168,1769
2169,1769
2170,1769
2171,1769
2172,1769
2173,1769
2174,1769
2175,1769
2176,1769
2177,1769
2178,1769
2179,1769
2180,1769
2181,1769
2182,1769
2183,1769
2184,1769
2185,1769
2186,1769
2187,1769
2188,1769
2189,1769
2190,1769
2191,1769
2192,1769
2193,1769
2194,1769
2195,1769
2196,1769
2197,1769
2198,1769
2199,1769
2200,1770
2201,1771
2202,1772
2203,1773
2204,1774
2205,1775
2206,1776
2207,1777
2208,1778
2209,1779
2210,1780
2211,1781
2212,1782
2213,1783
2214,1784
2215,1785
2216,1786
2217,1787
2218,1788
2219,1789
2220,1790
2221,1791
2222,1792
2223,1793
2224,1794
2225,1795
2226,1796
2227,1797
2228,1798
2229,1799
2230,1800
2231,1801
2232,1802
2233,1803
2234,1803
2235,1803
2236,1803
2237,1803
2238,1803
2239,1803
2240,1804
2241,1805
2242,1805
2243,1805
2244,1805
2245,1805
2246,1805
2247,1805
2248,1805
2249,1805
2250,1805
2251,1805
2252,1805
2253,1805
2254,1805
2255,1805
2256,1805
2257,1805
2258,1805
2259,1806
2260,1807
2261,1808
2262,1808
2263,1808
2264,1808
2265,1808
2266,1808
2267,1808
2268,1808
2269,1808
2270,1808
2271,1808
2272,1808
2273,1808
2274,1808
2275,1808
2276,1808
2277,1808
2278,1808
2279,1808
2280,1809
2281,1810
2282,1811
2283,1812
2284,1813
2285,1814
2286,1815
2287,1816
2288,1817
2289,1818
2290,1819
2291,1820
2292,1821
2293,1822
2294,1823
2295,1824
2296,1825
2297,1826
2298,1827
2299,1828
2300,1829
2301,1830
2302,1831
2303,1832
2304,1833
2305,1834
2306,1835
2307,1836
2308,1837
2309,1838
2310,1839
2311,1840
2312,1841
2313,1842
2314,1843
2315,1844
2316,1845
2317,1846
2318,1847
2319,1848
2320,1849
2321,1850
2322,1851
2323,1852
2324,1853
2325,1854
2326,1855
2327,1856
2328,1857
2329,1858
2330,1859
2331,1860
2332,1861
2333,1862
2334,1863
2335,1864
2336,1865
2337,1866
2338,1867
2339,1868
2340,1869
2341,1870
2342,1871
2343,1872
2344,1873
2345,1874
2346,1875
2347,1876
2348,1877
2349,1878
2350,1879
2351,1880
2352,1880
2353,1880
2354,1880
2355,1880
2356,1880
2357,1880
2358,1880
2359,1881
2360,1882
2361,1882
2362,1882
2363,1882
2364,1882
2365,1882
2366,1882
2367,1882
2368,1882
2369,1882
2370,1882
2371,1882
2372,1882
2373,1882
2374,1882
2375,1882
2376,1882
2377,1882
2378,1882
2379,1882
2380,1883
2381,1884
2382,1885
2383,1886
2384,1887
2385,1888
2386,1889
2387,1890
2388,1891
2389,1892
2390,1893
2391,1894
2392,1895
2393,1896
2394,1897
2395,1898
2396,1899
2397,1900
2398,1901
2399,1902
2400,1903
2401,1904
2402,1905
2403,1906
2404,1907
2405,1908
2406,1909
2407,1910
2408,1911
2409,1912
2410,1913
2411,1914
2412,1915
2413,1916
2414,1917
2415,1918
2416,1919
2417,1920
2418,1921
2419,1922
2420,1923
2421,1924
2422,1925
2423,1926
2424,1927
2425,1928
2426,1929
2427,1930
2428,1931
2429,1932
2430,1933
2431,1934
2432,1935
2433,1936
2434,1937
2435,1938
2436,1939
2437,1940
2438,1941
2439,1942
2440,1943
2440,1944
2440,1945
2440,1946
2440,1947
2440,1948
2440,1949
2440,1950
2440,1951
2440,1952
2440,1953
2440,1954
2440,1955
2440,1956
2440,1957
2440,1958
2441,1959
2442,1960
2443,1961
2444,1962
2445,1963
2446,1964
2447,1965
2448,1966
2449,1967
2450,1968
2451,1969
2452,1970
2453,1971
2454,1972
2454,1973
2454,1974
2454,1975
2454,1976
2454,1977
2454,1978
2454,1979
2455,1980
2456,1981
2457,1982
2458,1983
2459,1984
2460,1985
2461,1986
2462,1987
2463,1988
2464,1989
2465,1990
2466,1991
2467,1992
2467,1993
2467,1994
2467,1995
2467,1996
2467,1997
2467,1998
2467,1999
2467,2000
2467,2001
2467,2002
2467,2003
2467,2004
2467,2005
2467,2006
2467,2007
2467,2008
2467,2009
2467,2010
2467,2011
2467,2012
2467,2013
2468,2014
2469,2015
2470,2016
2471,2017
2472,2018
2473,2019
2474,2020
2475,2021
2476,2022
2477,2023
2478,2024
2479,2025
2480,2026
2481,2027
2482,2028
2483,2029
2484,2030
2485,2031
2486,2032
2487,2033
2488,2034
2489,2035
2490,2036
2491,2037
2492,2038
2493,2039
2494,2039
2495,2040
2496,2041
2497,2042
2498,2043
2499,2044
2500,2045
2501,2046
2502,2047
2503,2048
2504,2049
2505,2050
2506,2051
2507,2052
2508,2053
2509,2054
2510,2055
2511,2056
2512,2057
2512,2058
2512,2059
2512,2060
2512,2061
2512,2062
2512,2063
2512,2064
2512,2065
2512,2066
2512,2067
2512,2068
2512,2069
2512,2070
2512,2071
2512,2072
2512,2073
2512,2074
2512,2075
2512,2076
2512,2077
2512,2078
2513,2079
2514,2080
2515,2081
2516,2082
2517,2083
2518,2084
2519,2085
2520,2086
2521,2087
2522,2088
2523,2089
2524,2090
2525,2091
2526,2092
2527,2093
2528,2094
2529,2095
2530,2096
2531,2097
2532,2098
2533,2099
2534,2100
2535,2101
2536,2102
2537,2103
2538,2104
2539,2105
2540,2106
2541,2107
2542,2108
2543,2109
2544,2110
2545,2111
2546,2112
2547,2113
2548,2114
2549,2115
2550,2116
2550,2117
2550,2118
2550,2119
2550,2120
2550,2121
2550,2122
2550,2123
2550,2124
2550,2125
2550,2126
2550,2127
2550,2128
2551,2129
2552,2130
2553,2131
2554,2132
2555,2133
2556,2134
2557,2135
2558,2136
2559,2137
2560,2138
2560,2139
2560,2140
2560,2141
2561,2142
2562,2143
2563,2144
2564,2145
2565,2146
2566,2147
2567,2148
2568,2149
2569,2150
2570,2151
2571,2152
2572,2153
2573,2154
2574,2155
2575,2156
2576,2157
2577,2158
2578,2159
2579,2160
2580,2161
2580,2162
2581,2163
2582,2164
2583,2165
2584,2166
2585,2167
2586,2168
2587,2169
2588,2170
2589,2171
2590,2172
2591,2173
2592,2174
2593,2175
2594,2176
2595,2177
2596,2178
2597,2179
2598,2180
2599,2181
2600,2182
2600,2183
2601,2184
2602,2185
2603,2186
2604,2187
2605,2188
2606,2189
2607,2190
2608,2191
2609,2192
2610,2193
2611,2194
2612,2195
2613,2196
2614,2197
2615,2198
2616,2199
2617,2200
2618,2201
2619,2202
2620,2203
2620,2204
2620,2205
2620,2206
2620,2207
2620,2208
2620,2209
2620,2210
2620,2211
2620,2212
2620,2213
2620,2214
2620,2215
2620,2216
2620,2217
2620,2218
2620,2219
2620,2220
2620,2221
2620,2222
2620,2223
2620,2224
2620,2225
2620,2226
2620,2227
2620,2228
2620,2229
2620,2230
2620,2231
2620,2232
2620,2233
2620,2234
2620,2235
2620,2236
2620,2237
2620,2238
2620,2239
2621,2240
2622,2241
2623,2242
2624,2243
2625,2244
2626,2245
2627,2246
2628,2247
2629,2248
2630,2249
2631,2250
2632,2251
2633,2252
2634,2253
2635,2254
2636,2255
2637,2256
2638,2257
2639,2258
2640,2259
2641,2260
2642,2261
2643,2262
2644,2263
2645,2264
2646,2265
2647,2266
2648,2267
2649,2268
2650,2269
2651,2270
2652,2271
2653,2272
2654,2273
2655,2274
2656,2275
2657,2276
2658,2277
2659,2278
2660,2279
2661,2280
2662,2281
2663,2282
2664,2283
2665,2284
2666,2285
2667,2286
2668,2287
2669,2288
2670,2289
2671,2290
2672,2291
2673,2292
2674,2293
2675,2294
2676,2295
2677,2296
2678,2297
2679,2298
2680,2299
2681,2300
2682,2301
2683,2302
2684,2303
2685,2304
2686,2305
2687,2306
2688,2307
2689,2308
2690,2308
2691,2308
2692,2308
2693,2308
2694,2308
2695,2308
2696,2308
2697,2308
2698,2309
2699,2310
2700,2311
2701,2312
2702,2313
2703,2314
2704,2314
2705,2314
2706,2314
2707,2314
2708,2314
2709,2314
2710,2314
2711,2314
2712,2314
2713,2314
2714,2314
2715,2315
2716,2316
2717,2317
2718,2318
2719,2319
2720,2320
2721,2321
2722,2322
2723,2323
2724,2324
2725,2325
2726,2326
2727,2327
2728,2328
2729,2328
2730,2328
2731,2328
2732,2328
2733,2328
2734,2328
2735,2328
2736,2328
2737,2328
2738,2328
2739,2328
2740,2328
2741,2328
2742,2328
2743,2329
2744,2330
2745,2331
2746,2332
2747,2333
2748,2334
2749,2335
2750,2336
2751,2337
2752,2338
2753,2339
2754,2340
2755,2341
2756,2342
2757,2343
2758,2344
2759,2345
2760,2346
2761,2347
2762,2348
2763,2349
2764,2350
2765,2351
2766,2352
2767,2353
2768,2354
2769,2355
2770,2356
2771,2357
2772,2358
2773,2359
2774,2360
2775,2361
2776,2362
2777,2363
2778,2364
2779,2365
2780,2366
2781,2367
2782,2368
2783,2369
2784,2370
2785,2371
2786,2372
2787,2373
2788,2374
2789,2375
2790,2376
2791,2377
2792,2378
2793,2379
2794,2380
2795,2381
2796,2382
2797,2383
2798,2384
2799,2385
2800,2386
2801,2387
2802,2388
2803,2389
2804,2389
2805,2389
2806,2389
2807,2389
2808,2389
2809,2389
2810,2389
2811,2389
2812,2390
2813,2391
2814,2392
2815,2393
2816,2394
2817,2395
2818,2396
2819,2397
2820,2398
2821,2399
2822,2400
2823,2401
2824,2402
2825,2403
2826,2404
2827,2405
2828,2406
2829,2407
2830,2408
2831,2409
2832,2410
2833,2411
2834,2412
2835,2413
2836,2414
2837,2415
2838,2416
2839,2417
2840,2418
2841,2419
2842,2420
2843,2421
2844,2422
2845,2423
2846,2424
2847,2425
2848,2426
2849,2427
2850,2428
2851,2429
2852,2430
2853,2431
2854,2432
2855,2433
2856,2434
2857,2435
2858,2436
2859,2437
2860,2438
2861,2439
2862,2439
2863,2439
2864,2439
2865,2440
2866,2441
2867,2442
2868,2443
2869,2444
2870,2445
2871,2446
2872,2447
2873,2448
2874,2449
2875,2450
2876,2451
2877,2452
2878,2453
2879,2454
2880,2455
2881,2456
2882,2457
2883,2458
2884,2459
2885,2460
2886,2461
2887,2462
2888,2463
2889,2464
2890,2465
2891,2466
2892,2467
2893,2468
2894,2469
2895,2470
2896,2471
2897,2472
2898,2473
2899,2474
2900,2475
2901,2476
2902,2477
2903,2478
2904,2479
2905,2480
2906,2481
2907,2482
2908,2483
2909,2484
2910,2485
2911,2486
2912,2487
2913,2488
2914,2489
2915,2490
2916,2491
2917,2492
2918,2493
2919,2494
2920,2495
2921,2496
2922,2497
2923,2498
2924,2499
2925,2499
2926,2499
2927,2499
2928,2499
2929,2499
2930,2500
2931,2501
2932,2502
2933,2503
2934,2504
2935,2505
2936,2506
2937,2507
2938,2508
2939,2509
2940,2510
2941,2511
2942,2512
2943,2513
2944,2514
2945,2514
2946,2514
2947,2514
2948,2514
2949,2514
2950,2515
2951,2516
2952,2517
2953,2518
2954,2519
2955,2520
2956,2521
2957,2522
2958,2523
2959,2524
2960,2525
2961,2526
2962,2527
2963,2528
2964,2529
2965,2530
2966,2531
2967,2532
2968,2533
2969,2534
2970,2535
2971,2536
2972,2537
2973,2538
2974,2539
2975,2540
2976,2541
2977,2542
2978,2543
2979,2544
2980,2545
2981,2546
2982,2547
2983,2548
2984,2549
2985,2550
2986,2551
2987,2552
2988,2553
2989,2554
2990,2555
2991,2556
2992,2557
2993,2558
2994,2559
2995,2560
2996,2561
2997,2562
2998,2563
2999,2564
3000,2565
3001,2566
3002,2567
3003,2568
3004,2569
3005,2570
3006,2571
3007,2572
3008,2573
3009,2573
3010,2573
3011,2573
3012,2573
3013,2573
3014,2573
3015,2573
3016,2573
3017,2573
3018,2573
3019,2573
3020,2573
3021,2573
3022,2573
3023,2573
3024,2573
3025,2573
3026,2573
3027,2573
3028,2573
3029,2573
3030,2573
3031,2573
3032,2573
3033,2573
3034,2574
3035,2575
3036,2576
3037,2577
3038,2578
3039,2579
3040,2580
3041,2581
3042,2582
3043,2583
3044,2583
3045,2583
3046,2583
3047,2583
3048,2583
3049,2583
3050,2583
3051,2583
3052,2583
3053,2583
3054,2583
3055,2584
3056,2585
3057,2586
3058,2587
3059,2588
3060,2589
3061,2589
3062,2589
3063,2589
3064,2589
3065,2589
3066,2589
3067,2590
3068,2591
3069,2592
3070,2593
3071,2594
3072,2595
3073,2596
3074,2597
3075,2598
3076,2599
3077,2600
3078,2601
3079,2602
3080,2603
3081,2604
3082,2605
3083,2606
3084,2607
3085,2608
3086,2609
3087,2610
3088,2611
3089,2612
3090,2613
3091,2614
3092,2615
3093,2616
3094,2617
3095,2618
3096,2619
3097,2620
3098,2621
3099,2622
3100,2623
3101,2623
3102,2623
3103,2623
3104,2623
3105,2623
3106,2623
3107,2623
3108,2623
3109,2623
3110,2623
3111,2623
3112,2623
3113,2623
3114,2623
3115,2623
3116,2623
3117,2623
3118,2623
3119,2623
3120,2623
3121,2623
3122,2623
3123,2623
3124,2623
3125,2623
3126,2623
3127,2623
3128,2623
3129,2623
3130,2623
3131,2623
3132,2623
3133,2623
3134,2624
3135,2625
3136,2626
3137,2627
3138,2628
3139,2629
3140,2630
3141,2631
3142,2632
3143,2633
3144,2634
3145,2635
3146,2636
3147,2637
3148,2638
3149,2639
3150,2640
3151,2641
3152,2642
3153,2643
3154,2644
3155,2645
3156,2646
3157,2647
3158,2648
3159,2649
3160,2650
3161,2651
3162,2652
3163,2653
3164,2654
3165,2655
3166,2656
3167,2656
3168,2656
3169,2656
3170,2656
3171,2656
3172,2656
3173,2657
3174,2658
3175,2659
3176,2660
3177,2661
3178,2662
3179,2663
3180,2664
3181,2665
3182,2666
3183,2667
3184,2668
3185,2669
3186,2670
3187,2671
3188,2672
3189,2673
3190,2674
3191,2675
3192,2676
3193,2677
3194,2678
3195,2679
3196,2680
3197,2681
3198,2682
3199,2683
3200,2684
3201,2685
3202,2686
3203,2687
3204,2688
3205,2689
3206,2690
3207,2691
3208,2692
3209,2693
3210,2694
3211,2695
3212,2696
3213,2696
3214,2696
3215,2696
3216,2696
3217,2696
3218,2696
3219,2696
3220,2696
3221,2696
3222,2696
3223,2696
3224,2696
3225,2696
3226,2696
3227,2696
3228,2696
3229,2696
3230,2696
3231,2696
3232,2696
3233,2696
3234,2696
3235,2696
3236,2696
3237,2696
3238,2696
3239,2696
3240,2696
3241,2696
3242,2696
3243,2696
3244,2696
3245,2696
3246,2696
3247,2696
3248,2696
3249,2696
3250,2696
3251,2696
3252,2696
3253,2696
3254,2696
3255,2697
3256,2698
3257,2699
3258,2700
3259,2701
3260,2702
3261,2703
3262,2704
3263,2705
3264,2706
3265,2707
3266,2708
3267,2708
3268,2708
3269,2708
3270,2708
3271,2708
3272,2708
3273,2709
3274,2710
3275,2711
3276,2712
3277,2713
3278,2714
3279,2715
3280,2716
3281,2717
3282,2718
3283,2719
3284,2720
3285,2721
3286,2722
3287,2723
3288,2724
3289,2724
3290,2724
3291,2724
3292,2724
3293,2724
3294,2724
3295,2724
3296,2724
3297,2725
3298,2726
3299,2727
3300,2728
3301,2729
3302,2730
3303,2730
3304,2730
3305,2730
3306,2730
3307,2730
3308,2730
3309,2730
3310,2730
3311,2730
3312,2731
3313,2732
3314,2733
3315,2734
3316,2735
3317,2736
3318,2737
3319,2738
3320,2739
3321,2740
3322,2741
3323,2742
3324,2743
3325,2744
3326,2745
3327,2746
3328,2747
3329,2748
3330,2749
3331,2750
3332,2751
3333,2752
3334,2753
3335,2754
3336,2755
3337,2756
3338,2757
3339,2758
3340,2759
3341,2760
3342,2761
3343,2762
3344,2763
3345,2764
3346,2765
3347,2766
3348,2767
3349,2768
3350,2769
3351,2770
3352,2770
3353,2770
3354,2770
3355,2770
3356,2770
3357,2770
3358,2770
3359,2770
3360,2770
3361,2770
3362,2770
3363,2770
3364,2770
3365,2770
3366,2770
3367,2770
3368,2770
3369,2770
3370,2770
3371,2770
3372,2770
3373,2770
3374,2770
3375,2770
3376,2770
3377,2770
3378,2770
3379,2770
3380,2770
3381,2770
3382,2770
3383,2770
3384,2770
3385,2770
3386,2770
3387,2770
3388,2770
3389,2770
3390,2771
3391,2772
3392,2773
3393,2774
3394,2775
3395,2776
3396,2777
3397,2778
3398,2779
3399,2780
3400,2781
3401,2782
3402,2783
3403,2783
3404,2783
3405,2783
3406,2783
3407,2783
3408,2783
3409,2783
3410,2783
3411,2783
3412,2784
3413,2785
3414,2786
3415,2787
3416,2788
3417,2789
3418,2790
3419,2791
3420,2792
3421,2793
3422,2794
3423,2794
3424,2794
3425,2794
3426,2794
3427,2794
3428,2794
3429,2794
3430,2794
3431,2794
3432,2794
3433,2794
3434,2794
3435,2794
3436,2795
3437,2796
3438,2797
3439,2798
3440,2799
3441,2800
3442,2801
3443,2802
3444,2803
3445,2804
3446,2805
3447,2806
3448,2807
3449,2808
3450,2809
3451,2810
3452,2811
3453,2812
3454,2813
3455,2814
3456,2815
3457,2816
3458,2817
3459,2818
3460,2819
3461,2820
3462,2821
3463,2822
3464,2823
3465,2824
3466,2825
3467,2826
3468,2827
3469,2828
3470,2829
3471,2830
3472,2831
3473,2832
3474,2833
3475,2834
3476,2835
3477,2836
3478,2837
3479,2838
3480,2839
3481,2840
3482,2841
3483,2842
3484,2843
3485,2843
3486,2843
3487,2843
3488,2843
3489,2843
3490,2843
3491,2843
3492,2843
3493,2843
3494,2843
3495,2843
3496,2843
3497,2843
3498,2843
3499,2843
3500,2843
3501,2843
3502,2843
3503,2843
3504,2843
3505,2843
3506,2843
3507,2843
3508,2843
3509,2843
3510,2843
3511,2843
3512,2843
3513,2843
3514,2843
3515,2843
3516,2843
3517,2843
3518,2843
3519,2844
3520,2845
3521,2846
3522,2847
3523,2848
3524,2849
3525,2850
3526,2851
3527,2852
3528,2853
3529,2853
3530,2853
3531,2853
3532,2853
3533,2853
3534,2853
3535,2853
3536,2853
3537,2853
3538,2853
3539,2854
3540,2855
3541,2856
3542,2857
3543,2858
3544,2859
3545,2860
3546,2861
3547,2862
3548,2863
3549,2864
3550,2864
3551,2864
3552,2864
3553,2864
3554,2864
3555,2864
3556,2864
3557,2864
3558,2864
3559,2865
3560,2866
3561,2867
3562,2868
3563,2869
3564,2870
3565,2871
3566,2872
3567,2872
3568,2872
3569,2872
3570,2872
3571,2872
3572,2872
3573,2872
3574,2872
3575,2872
3576,2872
3577,2872
3578,2872
3579,2872
3580,2872
3581,2872
3582,2872
3583,2872
3584,2872
3585,2872
3586,2872
3587,2872
3588,2872
3589,2872
3590,2872
3591,2872
3592,2872
3593,2872
3594,2872
3595,2872
3596,2872
3597,2873
3598,2874
3599,2875
3600,2876
3601,2877
3602,2878
3603,2879
3604,2880
3605,2881
3606,2882
3607,2883
3608,2884
3609,2885
3610,2886
3611,2887
3612,2888
3613,2889
3614,2890
3615,2891
3616,2892
3617,2893
3618,2894
3619,2895
3620,2896
3621,2897
3622,2898
3623,2899
3624,2900
3625,2901
3626,2902
3627,2903
3628,2904
3629,2905
3630,2906
3631,2907
3632,2908
3633,2909
3634,2910
3635,2911
3636,2912
3637,2913
3638,2914
3639,2915
3640,2916
3641,2917
3642,2918
3643,2919
3644,2920
3645,2921
3646,2921
3647,2921
3648,2921
3649,2921
3650,2921
3651,2921
3652,2921
3653,2921
3654,2921
3655,2921
3656,2922
3657,2923
3658,2924
3659,2925
3660,2926
3661,2927
3662,2928
3663,2929
3664,2930
3665,2931
3666,2932
3667,2933
3668,2934
3669,2935
3670,2936
3671,2937
3672,2937
3673,2937
3674,2937
3675,2937
3676,2937
3677,2937
3678,2937
3679,2938
3680,2939
3681,2940
3682,2941
3683,2942
3684,2943
3685,2944
3686,2945
3687,2946
3688,2947
3689,2948
3690,2949
3691,2950
3692,2951
3693,2952
3694,2952
3695,2952
3696,2952
3697,2952
3698,2952
3699,2952
3700,2952
3701,2952
3702,2952
3703,2952
3704,2952
3705,2952
3706,2952
3707,2952
3708,2952
3709,2953
3710,2954
3711,2955
3712,2956
3713,2957
3714,2958
3715,2959
3716,2960
3717,2961
3718,2962
3719,2963
3720,2964
3721,2965
3722,2966
3723,2967
3724,2968
3725,2969
3726,2970
3727,2971
3728,2972
3729,2973
3730,2974
3731,2975
3732,2976
3733,2977
3734,2978
3735,2979
3736,2980
3737,2981
3738,2982
3739,2983
3740,2984
3741,2985
3742,2986
3743,2987
3744,2988
3745,2989
3746,2990
3747,2991
3748,2992
3749,2993
3750,2994
3751,2995
3752,2996
3753,2997
3754,2998
3755,2999
3756,3000
3757,3001
3758,3002
3759,3003
3760,3004
3761,3005
3762,3006
3763,3007
3764,3008
3765,3009
3766,3010
3767,3011
3768,3012
3769,3013
3770,3014
3771,3015
3772,3016
3773,3017
3774,3018
3775,3018
3776,3019
3777,3020
3778,3021
3779,3022
3780,3023
3780,3024
3780,3025
3780,3026
3780,3027
3780,3028
3780,3029
3780,3030
3780,3031
3781,3032
3782,3033
3783,3034
3784,3035
3785,3036
3786,3037
3787,3038
3788,3039
3789,3040
3790,3041
3791,3042
3792,3043
3793,3044
3794,3045
3795,3046
3796,3047
3797,3048
3798,3049
3799,3050
3800,3051
3800,3052
3800,3053
3800,3054
3800,3055
3800,3056
3800,3057
3800,3058
3800,3059
3800,3060
3800,3061
3800,3062
3800,3063
3800,3064
3800,3065
3800,3066
3800,3067
3800,3068
3800,3069
3800,3070
3800,3071
3800,3072
3800,3073
3800,3074
3800,3075
3800,3076
3800,3077
3800,3078
3800,3079
3800,3080
3800,3081
3800,3082
3800,3083
3800,3084
3800,3085
3800,3086
3800,3087
3800,3088
3800,3089
3800,3090
3800,3091
3800,3092
3800,3093
3800,3094
3800,3095
3800,3096
3800,3097
3800,3098
3800,3099
3800,3100
3800,3101
3800,3102
3800,3103
3800,3104
3800,3105
3800,3106
3801,3107
3802,3108
3803,3109
3804,3110
3805,3111
3806,3112
3807,3113
3808,3114
3809,3115
3810,3116
3811,3117
3812,3118
3813,3119
3814,3120
3815,3121
3816,3122
3817,3123
3818,3124
3819,3125
3820,3126
3821,3127
3822,3128
3823,3129
3824,3130
3825,3131
3826,3132
3827,3133
3828,3134
3829,3135
3830,3136
3831,3137
3832,3138
3833,3139
3834,3140
3835,3141
3836,3142
3837,3143
3838,3144
3839,3145
3840,3146
3841,3147
3842,3148
3843,3149
3844,3150
3845,3151
3846,3151
3847,3151
3848,3151
3849,3151
3850,3151
3851,3151
3852,3151
3853,3151
3854,3151
3855,3151
3856,3151
3857,3151
3858,3151
3859,3151
3860,3151
3861,3151
3862,3151
3863,3151
3864,3151
3865,3151
3866,3151
3867,3151
3868,3151
3869,3151
3870,3152
3871,3153
3872,3154
3873,3155
3874,3156
3875,3157
3876,3158
3877,3159
3878,3160
3879,3161
3880,3162
3881,3163
3882,3163
3883,3163
3884,3163
3885,3163
3886,3163
3887,3163
3888,3163
3889,3163
3890,3163
3891,3163
3892,3164
3893,3165
3894,3166
3895,3167
3896,3168
3897,3169
3898,3170
3899,3171
3900,3172
3901,3173
3902,3174
3903,3175
3904,3176
3905,3177
3906,3178
3907,3179
3908,3180
3909,3181
3910,3182
3911,3183
3912,3184
3913,3185
3914,3186
3915,3187
3916,3188
3917,3189
3918,3189
3919,3190
3920,3191
3920,3192
3920,3193
3920,3194
3920,3195
3920,3196
3920,3197
3920,3198
3920,3199
3920,3200
3920,3201
3920,3202
3920,3203
3920,3204
3920,3205
3920,3206
3920,3207
3920,3208
3920,3209
3920,3210
3920,3211
3920,3212
3920,3213
3920,3214
3920,3215
3920,3216
3920,3217
3920,3218
3920,3219
3920,3220
3920,3221
3920,3222
3920,3223
3920,3224
3920,3225
3920,3226
3920,3227
3920,3228
3920,3229
3920,3230
3920,3231
3920,3232
3920,3233
3920,3234
3920,3235
3920,3236
3920,3237
3920,3238
3920,3239
3920,3240
3921,3241
3922,3242
3923,3243
3924,3244
3925,3245
3926,3246
3927,3247
3928,3248
3929,3249
3930,3250
3931,3251
3932,3252
3933,3253
3934,3254
3935,3255
3936,3256
3937,3257
3938,3258
3939,3259
3940,3260
3940,3261
3940,3262
3940,3263
3940,3264
3940,3265
3940,3266
3940,3267
3940,3268
3940,3269
3940,3270
3940,3271
3940,3272
3940,3273
3940,3274
3940,3275
3940,3276
3940,3277
3940,3278
3940,3279
3940,3280
3940,3281
3940,3282
3940,3283
3940,3284
3940,3285
3940,3286
3940,3287
3940,3288
3940,3289
3940,3290
3940,3291
3940,3292
3940,3293
3940,3294
3940,3295
3940,3296
3940,3297
3940,3298
3940,3299
3940,3300
3940,3301
3940,3302
3940,3303
3940,3304
3940,3305
3940,3306
3940,3307
3940,3308
3940,3309
3940,3310
3940,3311
3940,3312
3940,3313
3940,3314
3940,3315
3940,3316
3940,3317
3940,3318
3940,3319
3940,3320
3940,3321
3940,3322
3940,3323
3940,3324
3940,3325
3940,3326
3940,3327
3940,3328
3940,3329
3940,3330
3940,3331
3940,3332
3940,3333
3940,3334
3940,3335
3940,3336
3940,3337
3940,3338
3940,3339
3940,3340
3940,3341
3940,3342
3940,3343
3940,3344
3940,3345
3940,3346
3940,3347
3940,3348
3940,3349
3940,3350
3940,3351
3940,3352
3940,3353
3940,3354
3941,3355
3942,3356
3943,3357
3944,3358
3945,3359
3946,3360
3947,3361
3948,3362
3949,3363
3950,3364
3951,3365
3952,3366
3953,3367
3954,3368
3955,3369
3956,3370
3957,3371
3958,3372
3959,3373
3960,3374
3960,3375
3960,3376
3960,3377
3960,3378
3960,3379
3960,3380
3960,3381
3960,3382
3961,3383
3962,3384
3963,3385
3964,3386
3965,3387
3966,3388
3967,3389
3968,3390
3969,3391
3970,3392
3971,3393
3972,3394
3973,3395
3974,3396
3975,3397
3976,3398
3977,3399
3978,3400
3979,3401
3980,3402
3980,3403
3980,3404
3980,3405
3980,3406
3980,3407
3980,3408
3980,3409
3980,3410
3980,3411
3980,3412
3980,3413
3980,3414
3980,3415
3980,3416
3980,3417
3980,3418
3980,3419
3980,3420
3980,3421
3980,3422
3980,3423
3980,3424
3981,3425
3982,3426
3983,3427
3984,3428
3985,3429
3986,3430
3987,3431
3988,3432
3989,3433
3990,3434
3991,3435
3992,3436
3993,3437
3994,3438
3995,3439
3996,3440
3997,3441
3998,3442
3999,3443
4000,3444
4001,3445
4002,3446
4003,3447
4004,3448
4005,3449
4006,3450
4007,3450
4008,3450
4009,3450
4010,3450
4011,3450
4012,3450
4013,3450
4014,3450
4015,3450
4016,3450
4017,3450
4018,3450
4019,3450
4020,3451
4021,3452
4022,3453
4023,3454
4024,3454
4025,3454
4026,3454
4027,3454
4028,3454
4029,3454
4030,3454
4031,3454
4032,3454
4033,3454
4034,3454
4035,3455
4036,3456
4037,3457
4038,3458
4039,3459
4040,3460
4041,3461
4042,3462
4043,3463
4044,3464
4045,3465
4046,3466
4047,3466
4048,3466
4049,3466
4050,3466
4051,3466
4052,3466
4053,3466
4054,3466
4055,3466
4056,3466
4057,3466
4058,3466
4059,3466
4060,3467
4060,3468
4060,3469
4060,3470
4060,3471
4060,3472
4060,3473
4060,3474
4060,3475
4060,3476
4060,3477
4060,3478
4060,3479
4060,3480
4060,3481
4060,3482
4060,3483
4060,3484
4060,3485
4060,3486
4060,3487
4060,3488
4060,3489
4060,3490
4060,3491
4060,3492
4060,3493
4060,3494
4060,3495
4060,3496
4060,3497
4060,3498
4060,3499
4060,3500
4060,3501
4060,3502
4060,3503
4060,3504
4060,3505
4060,3506
4060,3507
4060,3508
4060,3509
4060,3510
4060,3511
4060,3512
4060,3513
4060,3514
4060,3515
4060,3516
4060,3517
4060,3518
4060,3519
4060,3520
4060,3521
4060,3522
4060,3523
4060,3524
4060,3525
4060,3526
4060,3527
4060,3528
4060,3529
4060,3530
4060,3531
4060,3532
4060,3533
4060,3534
4060,3535
4061,3536
4062,3537
4063,3538
4064,3539
4065,3540
4066,3541
4067,3542
4068,3543
4069,3544
4070,3545
4071,3546
4072,3547
4073,3548
4074,3549
4075,3550
4076,3551
4077,3552
4078,3553
4079,3554
4080,3555
4080,3556
4080,3557
4080,3558
4080,3559
4080,3560
4080,3561
4080,3562
4080,3563
4080,3564
4080,3565
4080,3566
4080,3567
4080,3568
4080,3569
4080,3570
4080,3571
4080,3572
4080,3573
4080,3574
4080,3575
4080,3576
4080,3577
4080,3578
4080,3579
4080,3580
4080,3581
4080,3582
4080,3583
4080,3584
4080,3585
4080,3586
4080,3587
4080,3588
4080,3589
4080,3590
4080,3591
4080,3592
4080,3593
4080,3594
4080,3595
4080,3596
4080,3597
4080,3598
4080,3599
4080,3600
4080,3601
4080,3602
4080,3603
4080,3604
4080,3605
4080,3606
4080,3607
4080,3608
4080,3609
4080,3610
4080,3611
4080,3612
4080,3613
4080,3614
4080,3615
4080,3616
4080,3617
4080,3618
4080,3619
4080,3620
4080,3621
4080,3622
4080,3623
4080,3624
4080,3625
4080,3626
4080,3627
4080,3628
4080,3629
4080,3630
4080,3631
4080,3632
4080,3633
4080,3634
4080,3635
4080,3636
4080,3637
4080,3638
4080,3639
4080,3640
4080,3641
4080,3642
4080,3643
4080,3644
4080,3645
4080,3646
4080,3647
4080,3648
4080,3649
4080,3650
4080,3651
4080,3652
4080,3653
4080,3654
4080,3655
4080,3656
4080,3657
4080,3658
4080,3659
4080,3660
4080,3661
4080,3662
4080,3663
4080,3664
4080,3665
4080,3666
4080,3667
4080,3668
4080,3669
4080,3670
4080,3671
4080,3672
4080,3673
4080,3674
4080,3675
4080,3676
4080,3677
4080,3678
4080,3679
4080,3680
4080,3681
4080,3682
4080,3683
4080,3684
4080,3685
4080,3686
4080,3687
4080,3688
4080,3689
4080,3690
4080,3691
4080,3692
4080,3693
4080,3694
4080,3695
4080,3696
4080,3697
4081,3698
4082,3699
4083,3700
4084,3701
4085,3702
4086,3703
4087,3704
4088,3705
4089,3706
4090,3707
4091,3708
4092,3709
4093,3710
4094,3711
4095,3712
4096,3713
4097,3714
4098,3715
4099,3716
4100,3717
4101,3718
4102,3719
4103,3720
4104,3721
4105,3722
4106,3723
4107,3724
4108,3725
4109,3726
4110,3727
4111,3728
4112,3729
4113,3730
4114,3731
4115,3732
4116,3733
4117,3734
4118,3735
4119,3736
4120,3737
4120,3738
4121,3739
4122,3740
4123,3741
4124,3742
4125,3743
4126,3744
4127,3745
4128,3746
4129,3747
4130,3748
4131,3749
4132,3750
4133,3751
4134,3752
4135,3753
4136,3754
4137,3755
4138,3756
4139,3757
4140,3758
4140,3759
4140,3760
4140,3761
4140,3762
4140,3763
4140,3764
4140,3765
4140,3766
4140,3767
4140,3768
4140,3769
4140,3770
4140,3771
4140,3772
4140,3773
4140,3774
4140,3775
4140,3776
4141,3777
4142,3778
4143,3779
4144,3780
4145,3781
4146,3782
4147,3783
4148,3784
4149,3785
4150,3786
4151,3787
4152,3788
4153,3789
4154,3790
4155,3791
4156,3792
4157,3793
4158,3794
4159,3795
4160,3796
4161,3797
4162,3798
4163,3799
4164,3800
4165,3801
4166,3802
4167,3803
4168,3804
4169,3805
4170,3806
4171,3807
4172,3808
4173,3809
4174,3810
4175,3811
4176,3812
4177,3813
4178,3814
4179,3815
4180,3816
4180,3817
4180,3818
4180,3819
4180,3820
4180,3821
4180,3822
4180,3823
4180,3824
4180,3825
4180,3826
4180,3827
4180,3828
4180,3829
4180,3830
4180,3831
4180,3832
4180,3833
4180,3834
4180,3835
4180,3836
4180,3837
4180,3838
4180,3839
4180,3840
4180,3841
4180,3842
4181,3843
4182,3844
4183,3845
4184,3846
4185,3847
4186,3848
4187,3849
4188,3850
4189,3851
4190,3852
4191,3853
4192,3854
4193,3855
4194,3856
4195,3857
4196,3858
4197,3859
4198,3860
4199,3861
4200,3862
4200,3863
4200,3864
4200,3865
4200,3866
4200,3867
4200,3868
4200,3869
4200,3870
4200,3871
4200,3872
4200,3873
4200,3874
4200,3875
4200,3876
4200,3877
4200,3878
4200,3879
4200,3880
4200,3881
4200,3882
4200,3883
4200,3884
4200,3885
4200,3886
4200,3887
4200,3888
4200,3889
4200,3890
4200,3891
4200,3892
4200,3893
4200,3894
4200,3895
4200,3896
4200,3897
4200,3898
4200,3899
4200,3900
4200,3901
4200,3902
4200,3903
4200,3904
4200,3905
4200,3906
4200,3907
4200,3908
4200,3909
4200,3910
4200,3911
4200,3912
4200,3913
4200,3914
4200,3915
4200,3916
4200,3917
4200,3918
4200,3919
4200,3920
4200,3921
4200,3922
4200,3923
4200,3924
4200,3925
4200,3926
4200,3927
4200,3928
4200,3929
4200,3930
4200,3931
4200,3932
4200,3933
4200,3934
4200,3935
4200,3936
4200,3937
4200,3938
4200,3939
4200,3940
4200,3941
4200,3942
4200,3943
4200,3944
4200,3945
4200,3946
4200,3947
4200,3948
4200,3949
4200,3950
4200,3951
4200,3952
4200,3953
4200,3954
4200,3955
4200,3956
4201,3957
4202,3958
4203,3959
4204,3960
4205,3961
4206,3962
4207,3963
4208,3964
4209,3965
4210,3966
4211,3967
4212,3968
4213,3969
4214,3970
4215,3971
4216,3972
4217,3973
4218,3974
4219,3975
4220,3976
4221,3977
4222,3978
4223,3979
4224,3980
4225,3981
4226,3982
4227,3983
4228,3984
4229,3985
4230,3986
4231,3987
4232,3988
4233,3989
4234,3990
4235,3991
4236,3992
4237,3993
4238,3994
4239,3995
4240,3996
4240,3997
4240,3998
4240,3999
4240,4000
4240,4001
4240,4002
4240,4003
4240,4004
4240,4005
4240,4006
4240,4007
4241,4008
4242,4009
4243,4010
4244,4011
4245,4012
4246,4013
4247,4014
4248,4015
4249,4016
4250,4017
4251,4018
4252,4019
4253,4020
4254,4021
4255,4022
4256,4023
4257,4024
4258,4025
4259,4026
4260,4027
4261,4028
4262,4029
4263,4030
4264,4031
4265,4032
4266,4033
4267,4034
4268,4035
4269,4036
4270,4037
4271,4038
4272,4039
4273,4040
4274,4041
4275,4042
4276,4043
4277,4044
4278,4045
4279,4046
4280,4047
4280,4048
4280,4049
4280,4050
4280,4051
4280,4052
4280,4053
4280,4054
4280,4055
4280,4056
4280,4057
4280,4058
4280,4059
4280,4060
4280,4061
4280,4062
4280,4063
4280,4064
4280,4065
4280,4066
4280,4067
4280,4068
4280,4069
4280,4070
4280,4071
4280,4072
4280,4073
4280,4074
4280,4075
4280,4076
4280,4077
4280,4078
4280,4079
4280,4080
4280,4081
4280,4082
4280,4083
4280,4084
4280,4085
4280,4086
4280,4087
4280,4088
4280,4089
4280,4090
4280,4091
4280,4092
4280,4093
4280,4094
4280,4095
4280,4096
4280,4097
4280,4098
4280,4099
4280,4100
4280,4101
4280,4102
4280,4103
4280,4104
4280,4105
4280,4106
4280,4107
4280,4108
4281,4109
4282,4110
4283,4111
4284,4112
4285,4113
4286,4114
4287,4115
4288,4116
4289,4117
4290,4118
4291,4119
4292,4120
4293,4121
4294,4122
4295,4123
4296,4124
4297,4125
4298,4126
4299,4127
4300,4128
4300,4129
4300,4130
4300,4131
4300,4132
4300,4133
4300,4134
4300,4135
4300,4136
4300,4137
4300,4138
4300,4139
4300,4140
4300,4141
4300,4142
4300,4143
4300,4144
4300,4145
4300,4146
4300,4147
4300,4148
4300,4149
4300,4150
4300,4151
4300,4152
4300,4153
4300,4154
4300,4155
4300,4156
4300,4157
4300,4158
4300,4159
4300,4160
4300,4161
4300,4162
4300,4163
4300,4164
4300,4165
4300,4166
4300,4167
4300,4168
4300,4169
4300,4170
4300,4171
4300,4172
4300,4173
4300,4174
4300,4175
4300,4176
4300,4177
4300,4178
4300,4179
4300,4180
4300,4181
4300,4182
4300,4183
4300,4184
4300,4185
4300,4186
4300,4187
4300,4188
4300,4189
4300,4190
4300,4191
4300,4192
4300,4193
4300,4194
4300,4195
4300,4196
4300,4197
4300,4198
4300,4199
4300,4200
4300,4201
4300,4202
4300,4203
4300,4204
4300,4205
4300,4206
4300,4207
4300,4208
4300,4209
4300,4210
4300,4211
4300,4212
4301,4213
4302,4214
4303,4215
4304,4216
4305,4217
4306,4218
4307,4219
4308,4220
4309,4221
4310,4222
4311,4223
4312,4224
4313,4225
4314,4226
4315,4227
4316,4228
4317,4229
4318,4230
4319,4231
4320,4232
4320,4233
4320,4234
4320,4235
4320,4236
4320,4237
4321,4238
4322,4239
4323,4240
4324,4241
4325,4242
4326,4243
4327,4244
4328,4245
4329,4246
4330,4247
4331,4248
4332,4249
4333,4250
4334,4251
4335,4252
4336,4253
4337,4254
4338,4255
4339,4256
4340,4257
4341,4258
4342,4259
4343,4260
4344,4261
4345,4262
4346,4263
4347,4264
4348,4265
4349,4266
4350,4267
4351,4268
4352,4269
4353,4270
4354,4271
4355,4272
4356,4273
4357,4274
4358,4275
4359,4276
4360,4277
4360,4278
4360,4279
4360,4280
4360,4281
4360,4282
4360,4283
4360,4284
4360,4285
4360,4286
4360,4287
4360,4288
4360,4289
4360,4290
4360,4291
4360,4292
4360,4293
4360,4294
4360,4295
4360,4296
4360,4297
4360,4298
4360,4299
4360,4300
4360,4301
4360,4302
4360,4303
4360,4304
4360,4305
4360,4306
4360,4307
4360,4308
4360,4309
4360,4310
4360,4311
4360,4312
4360,4313
4360,4314
4360,4315
4360,4316
4360,4317
4360,4318
4360,4319
4360,4320
4360,4321
4360,4322
4360,4323
4360,4324
4360,4325
4360,4326
4360,4327
4360,4328
4360,4329
4360,4330
4360,4331
4360,4332
4360,4333
4360,4334
4360,4335
4360,4336
4360,4337
4360,4338
4360,4339
4360,4340
4360,4341
4360,4342
4360,4343
4360,4344
4360,4345
4360,4346
4360,4347
4360,4348
4360,4349
4360,4350
4360,4351
4360,4352
4360,4353
4360,4354
4360,4355
4360,4356
4360,4357
4360,4358
4360,4359
4360,4360
4360,4361
4360,4362
4360,4363
4360,4364
4360,4365
4360,4366
4360,4367
4360,4368
4360,4369
4360,4370
4360,4371
4360,4372
4360,4373
4360,4374
4360,4375
4360,4376
4360,4377
4361,4378
4362,4379
4363,4380
4364,4381
4365,4382
4366,4383
4367,4384
4368,4385
4369,4386
4370,4387
4371,4388
4372,4389
4373,4390
4374,4391
4375,4392
4376,4393
4377,4394
4378,4395
4379,4396
4380,4397
4381,4398
4382,4399
4383,4400
4384,4401
4385,4402
4386,4403
4387,4404
4388,4405
4389,4406
4390,4407
4391,4408
4392,4409
4393,4410
4394,4411
4395,4412
4396,4413
4397,4414
4398,4415
4399,4416
4400,4417
4401,4418
4402,4419
4403,4420
4404,4421
4405,4422
4406,4423
4407,4424
4408,4425
4409,4425
4410,4425
4411,4425
4412,4425
4413,4425
4414,4425
4415,4425
4416,4426
4417,4427
4418,4428
4419,4429
4420,4430
4421,4431
4422,4432
4423,4433
4424,4434
4425,4435
4426,4435
4427,4435
4428,4435
4429,4435
4430,4435
4431,4435
4432,4435
4433,4436
4434,4437
4435,4438
4436,4439
4437,4440
4438,4441
4439,4442
4440,4443
4441,4444
4442,4445
4443,4446
4444,4447
4445,4448
4446,4449
4447,4449
4448,4449
4449,4449
4450,4449
4451,4449
4452,4449
4453,4449
4454,4449
4455,4449
4456,4449
4457,4449
4458,4449
4459,4450
4460,4451
4461,4451
4462,4451
4463,4451
4464,4451
4465,4451
4466,4451
4467,4451
4468,4451
4469,4451
4470,4452
4471,4453
4472,4454
4473,4455
4474,4456
4475,4457
4476,4458
4477,4459
4478,4460
4479,4461
4480,4462
4481,4463
4482,4464
4483,4465
4484,4466
4485,4467
4486,4468
4487,4469
4488,4469
4489,4469
4490,4469
4491,4469
4492,4469
4493,4469
4494,4469
4495,4469
4496,4469
4497,4469
4498,4469
4499,4469
4500,4470
4501,4471
4502,4472
4503,4473
4504,4474
4505,4475
4506,4476
4507,4477
4508,4478
4509,4478
4510,4478
4511,4478
4512,4478
4513,4478
4514,4478
4515,4478
4516,4478
4517,4478
4518,4478
4519,4479
4520,4480
4521,4481
4522,4482
4523,4483
4524,4483
4525,4483
4526,4483
4527,4483
4528,4483
4529,4483
4530,4483
4531,4483
4532,4483
4533,4483
4534,4483
4535,4483
4536,4483
4537,4484
4538,4485
4539,4486
4540,4487
4541,4487
4542,4487
4543,4487
4544,4487
4545,4487
4546,4487
4547,4487
4548,4487
4549,4487
4550,4487
4551,4487
4552,4488
4553,4489
4554,4490
4555,4491
4556,4492
4557,4493
4558,4494
4559,4495
4560,4496
4561,4497
4562,4497
4563,4497
4564,4497
4565,4497
4566,4497
4567,4497
4568,4497
4569,4497
4570,4497
4571,4497
4572,4497
4573,4497
4574,4497
4575,4498
4576,4499
4577,4500
4578,4501
4579,4502
4580,4503
4580,4504
4580,4505
4580,4506
4580,4507
4580,4508
4580,4509
4580,4510
4580,4511
4580,4512
4580,4513
4580,4514
4580,4515
4580,4516
4580,4517
4580,4518
4580,4519
4580,4520
4580,4521
4580,4522
4580,4523
4580,4524
4580,4525
4580,4526
4580,4527
4580,4528
4580,4529
4580,4530
4580,4531
4580,4532
4580,4533
4580,4534
4580,4535
4580,4536
4580,4537
4580,4538
4580,4539
4580,4540
4580,4541
4580,4542
4580,4543
4580,4544
4580,4545
4580,4546
4580,4547
4580,4548
4580,4549
4580,4550
4580,4551
4580,4552
4580,4553
4580,4554
4580,4555
4580,4556
4580,4557
4580,4558
4580,4559
4580,4560
4580,4561
4580,4562
4580,4563
4580,4564
4580,4565
4580,4566
4580,4567
4580,4568
4580,4569
4580,4570
4580,4571
4580,4572
4580,4573
4580,4574
4580,4575
4580,4576
4580,4577
4580,4578
4580,4579
4581,4580
4582,4581
4583,4582
4584,4583
4585,4584
4586,4585
4587,4586
4588,4587
4589,4588
4590,4589
4591,4590
4592,4591
4593,4592
4594,4593
4595,4594
4596,4595
4597,4596
4598,4597
4599,4598
4600,4599
4600,4600
4600,4601
4600,4602
4600,4603
4600,4604
4600,4605
4600,4606
4600,4607
4600,4608
4601,4609
4602,4610
4603,4611
4604,4612
4605,4613
4606,4614
4607,4615
4608,4616
4609,4617
4610,4618
4611,4619
4612,4620
4613,4621
4614,4622
4615,4623
4616,4624
4617,4625
4618,4626
4619,4627
4620,4628
4620,4629
4620,4630
4620,4631
4620,4632
4620,4633
4620,4634
4620,4635
4620,4636
4620,4637
4620,4638
4620,4639
4620,4640
4620,4641
4620,4642
4620,4643
4620,4644
4620,4645
4620,4646
4620,4647
4620,4648
4620,4649
4620,4650
4620,4651
4620,4652
4620,4653
4620,4654
4620,4655
4620,4656
4620,4657
4620,4658
4620,4659
4620,4660
4620,4661
4620,4662
4620,4663
4620,4664
4620,4665
4620,4666
4621,4667
4622,4668
4623,4669
4624,4670
4625,4671
4626,4672
4627,4673
4628,4674
4629,4675
4630,4676
4631,4677
4632,4678
4633,4679
4634,4680
4635,4681
4636,4682
4637,4683
4638,4684
4639,4685
4640,4686
4641,4687
4642,4688
4643,4689
4644,4690
4645,4691
4646,4692
4647,4693
4648,4694
4649,4695
4650,4696
4651,4697
4652,4698
4653,4699
4654,4700
4655,4701
4656,4702
4657,4703
4658,4704
4659,4705
4660,4706
4660,4707
4660,4708
4660,4709
4660,4710
4660,4711
4660,4712
4660,4713
4660,4714
4660,4715
4660,4716
4660,4717
4660,4718
4660,4719
4660,4720
4660,4721
4660,4722
4660,4723
4660,4724
4660,4725
4660,4726
4660,4727
4660,4728
4660,4729
4660,4730
4660,4731
4660,4732
4661,4733
4662,4734
4663,4735
4664,4736
4665,4737
4666,4738
4667,4739
4668,4740
4669,4741
4670,4742
4671,4743
4672,4744
4673,4745
4674,4746
4675,4747
4676,4748
4677,4749
4678,4750
4679,4751
4680,4752
4681,4753
4682,4754
4683,4755
4684,4756
4685,4757
4686,4758
4687,4759
4688,4760
4689,4761
4690,4762
4691,4762
4692,4762
4693,4762
4694,4762
4695,4762
4696,4762
4697,4762
4698,4762
4699,4763
4700,4764
4701,4765
4702,4766
4703,4767
4704,4768
4705,4769
4706,4770
4707,4771
4708,4772
4709,4773
4710,4774
4711,4775
4712,4776
4713,4777
4714,4778
4715,4779
4716,4780
4717,4781
4718,4782
4719,4783
4720,4784
4720,4785
4720,4786
4720,4787
4720,4788
4720,4789
4720,4790
4720,4791
4720,4792
4720,4793
4720,4794
4720,4795
4720,4796
4720,4797
4720,4798
4720,4799
4720,4800
4720,4801
4720,4802
4720,4803
4720,4804
4720,4805
4720,4806
4720,4807
4720,4808
4720,4809
4720,4810
4720,4811
4720,4812
4720,4813
4720,4814
4720,4815
4720,4816
4720,4817
4720,4818
4720,4819
4720,4820
4720,4821
4720,4822
4720,4823
4720,4824
4720,4825
4720,4826
4720,4827
4720,4828
4720,4829
4720,4830
4721,4831
4722,4832
4723,4833
4724,4834
4725,4835
4726,4836
4727,4837
4728,4838
4729,4839
4730,4840
4731,4841
4732,4842
4733,4843
4734,4844
4735,4845
4736,4846
4737,4847
4738,4848
4739,4849
4740,4850
4741,4851
4742,4852
4743,4853
4744,4854
4745,4855
4746,4856
4747,4857
4748,4858
4749,4859
4750,4860
4751,4861
4752,4862
4753,4863
4754,4864
4755,4865
4756,4866
4757,4867
4758,4868
4759,4869
4760,4870
4761,4871
4762,4872
4763,4873
4764,4874
4765,4875
4766,4876
4767,4877
4768,4878
4769,4879
4770,4880
4771,4880
4772,4880
4773,4880
4774,4880
4775,4880
4776,4880
4777,4880
4778,4880
4779,4880
4780,4880
4781,4880
4782,4880
4783,4880
4784,4880
4785,4880
4786,4880
4787,4880
4788,4880
4789,4880
4790,4880
4791,4880
4792,4880
4793,4880
4794,4880
4795,4880
4796,4880
4797,4880
4798,4880
4799,4880
4800,4880
4801,4880
4802,4880
4803,4880
4804,4880
4805,4880
4806,4880
4807,4880
4808,4881
4809,4882
4810,4883
4811,4884
4812,4885
4813,4886
4814,4887
4815,4888
4816,4889
4817,4890
4818,4891
4819,4892
4820,4893
4821,4894
4822,4895
4823,4896
4824,4897
4825,4898
4826,4899
4827,4900
4828,4901
4829,4902
4830,4903
4831,4904
4832,4905
4833,4906
4834,4907
4835,4908
4836,4909
4837,4910
4838,4911
4839,4912
4840,4913
4841,4914
4842,4915
4843,4916
4844,4917
4845,4918
4846,4919
4847,4920
4848,4921
4849,4922
4850,4923
4851,4924
4852,4925
4853,4926
4854,4927
4855,4928
4856,4929
4857,4930
4858,4931
4859,4932
4860,4933
4861,4934
4862,4935
4863,4936
4864,4936
4865,4936
4866,4936
4867,4936
4868,4937
4869,4938
4870,4939
4871,4940
4872,4941
4873,4942
4874,4943
4875,4944
4876,4945
4877,4946
4878,4947
4879,4948
4880,4949
4881,4950
4882,4951
4883,4952
4884,4953
4885,4954
4886,4955
4887,4956
4888,4957
4889,4958
4890,4959
4891,4960
4892,4961
4893,4962
4894,4963
4895,4964
4896,4965
4897,4966
4898,4967
4899,4968
4900,4969
4901,4970
4902,4971
4903,4972
4904,4973
4905,4974
4906,4975
4907,4976
4908,4977
4909,4978
4910,4979
4911,4980
4912,4981
4913,4982
4914,4983
4915,4984
4916,4985
4917,4986
4918,4987
4919,4988
4920,4989
4921,4990
4922,4991
4923,4992
4924,4993
4925,4994
4926,4995
4927,4996
4928,4997
4929,4998
4930,4999
4931,5000
4932,5001
4933,5002
4934,5002
4935,5002
4936,5002
4937,5002
4938,5002
4939,5002
4940,5002
4941,5002
4942,5002
4943,5002
4944,5002
4945,5002
4946,5002
4947,5002
4948,5002
4949,5002
4950,5002
4951,5002
4952,5002
4953,5002
4954,5002
4955,5002
4956,5002
4957,5003
4958,5004
4959,5005
4960,5006
4961,5007
4962,5008
4963,5009
4964,5010
4965,5010
4966,5010
4967,5010
4968,5010
4969,5010
4970,5010
4971,5010
4972,5010
4973,5010
4974,5010
4975,5011
4976,5012
4977,5013
4978,5014
4979,5015
4980,5016
4981,5016
4982,5016
4983,5016
4984,5016
4985,5016
4986,5016
4987,5017
4988,5018
4989,5019
4990,5020
4991,5021
4992,5022
4993,5023
4994,5024
4995,5025
4996,5026
4997,5027
4998,5028
4999,5029
5000,5030
5001,5031
5002,5032
5003,5033
5004,5034
5005,5035
5006,5036
5007,5037
5008,5038
5009,5039
5010,5040
5011,5041
5012,5042
5013,5043
5014,5044
5015,5045
5016,5046
5017,5047
5018,5048
5019,5049
5020,5050
5021,5051
5022,5052
5023,5053
5024,5054
5025,5055
5026,5056
5027,5057
5028,5057
5029,5057
5030,5057
5031,5057
5032,5057
5033,5057
5034,5057
5035,5057
5036,5057
5037,5057
5038,5057
5039,5057
5040,5057
5041,5057
5042,5057
5043,5057
5044,5057
5045,5057
5046,5057
5047,5057
5048,5057
5049,5057
5050,5057
5051,5057
5052,5057
5053,5057
5054,5057
5055,5057
5056,5058
5057,5059
5058,5060
5059,5061
5060,5062
5061,5063
5062,5064
5063,5065
5064,5066
5065,5067
5066,5068
5067,5069
5068,5070
5069,5071
5070,5072
5071,5073
5072,5074
5073,5075
5074,5076
5075,5077
5076,5078
5077,5079
5078,5080
5079,5081
5080,5082
5081,5083
5082,5084
5083,5085
5084,5086
5085,5087
5086,5088
5087,5089
5088,5089
5089,5089
5090,5089
5091,5089
5092,5089
5093,5089
5094,5089
5095,5089
5096,5089
5097,5089
5098,5090
5099,5091
5100,5092
5101,5093
5102,5094
5103,5095
5104,5096
5105,5097
5106,5098
5107,5099
5108,5100
5109,5101
5110,5102
5111,5103
5112,5104
5113,5105
5114,5106
5115,5107
5116,5108
5117,5109
5118,5110
5119,5111
5120,5112
5121,5113
5122,5114
5123,5115
5124,5116
5125,5117
5126,5118
5127,5119
5128,5120
5129,5121
5130,5122
5131,5123
5132,5124
5133,5125
5134,5126
5135,5127
5136,5128
5137,5129
5138,5130
5139,5130
5140,5130
5141,5130
5142,5130
5143,5130
5144,5130
5145,5130
5146,5130
5147,5130
5148,5130
5149,5130
5150,5130
5151,5130
5152,5130
5153,5130
5154,5130
5155,5130
5156,5130
5157,5130
5158,5130
5159,5130
5160,5130
5161,5130
5162,5130
5163,5130
5164,5130
5165,5130
5166,5130
5167,5130
5168,5130
5169,5130
5170,5130
5171,5130
5172,5130
5173,5130
5174,5130
5175,5130
5176,5130
5177,5130
5178,5130
5179,5130
5180,5131
5181,5132
5182,5133
5183,5134
5184,5135
5185,5136
5186,5137
5187,5138
5188,5139
5189,5140
5190,5141
5191,5141
5192,5142
5193,5143
5194,5144
5195,5145
5196,5146
5197,5147
5198,5148
5199,5149
5200,5150
5201,5151
5202,5152
5203,5153
5204,5154
5205,5155
5206,5156
5207,5157
5208,5158
5209,5159
5210,5160
5211,5161
5212,5162
5213,5163
5214,5163
5215,5163
5216,5164
5217,5165
5218,5166
5219,5167
5220,5168
5221,5169
5222,5169
5223,5169
5224,5169
5225,5169
5226,5169
5227,5169
5228,5169
5229,5169
5230,5169
5231,5169
5232,5170
5233,5171
5234,5172
5235,5173
5236,5174
5237,5175
5238,5176
5239,5177
5240,5178
5241,5179
5242,5180
5243,5181
5244,5182
5245,5183
5246,5184
5247,5185
5248,5186
5249,5187
5250,5188
5251,5189
5252,5190
5253,5191
5254,5192
5255,5193
5256,5194
5257,5195
5258,5196
5259,5197
5260,5198
5261,5199
5262,5200
5263,5201
5264,5202
5265,5203
5266,5204
5267,5205
5268,5206
5269,5207
5270,5208
5271,5209
5272,5210
5273,5211
5274,5212
5275,5212
5276,5212
5277,5212
5278,5212
5279,5212
5280,5212
5281,5212
5282,5212
5283,5212
5284,5212
5285,5212
5286,5212
5287,5212
5288,5212
5289,5212
5290,5212
5291,5212
5292,5212
5293,5212
5294,5212
5295,5212
5296,5212
5297,5212
5298,5212
5299,5212
5300,5212
5301,5212
5302,5212
5303,5212
5304,5213
5305,5214
5306,5215
5307,5216
5308,5217
5309,5218
5310,5219
5311,5220
5312,5221
5313,5222
5314,5223
5315,5224
5316,5225
5317,5226
5318,5227
5319,5228
5320,5229
5321,5230
5322,5231
5323,5232
5324,5233
5325,5234
5326,5235
5327,5235
5328,5235
5329,5235
5330,5235
5331,5235
5332,5235
5333,5235
5334,5235
5335,5236
5336,5237
5337,5238
5338,5239
5339,5240
5340,5241
5341,5242
5342,5243
5343,5243
5344,5243
5345,5243
5346,5243
5347,5243
5348,5243
5349,5243
5350,5243
5351,5243
5352,5244
5353,5245
5354,5246
5355,5247
5356,5248
5357,5249
5358,5250
5359,5251
5360,5252
5361,5253
5362,5254
5363,5255
5364,5256
5365,5257
5366,5258
5367,5259
5368,5260
5369,5261
5370,5262
5371,5263
5372,5264
5373,5265
5374,5266
5375,5267
5376,5268
5377,5269
5378,5270
5379,5271
5380,5272
5381,5273
5382,5274
5383,5275
5384,5276
5385,5276
5386,5276
5387,5276
5388,5276
5389,5276
5390,5276
5391,5276
5392,5276
5393,5276
5394,5276
5395,5276
5396,5276
5397,5276
5398,5276
5399,5276
5400,5276
5401,5276
5402,5276
5403,5276
5404,5276
5405,5276
5406,5276
5407,5276
5408,5276
5409,5276
5410,5276
5411,5276
5412,5276
5413,5277
5414,5278
5415,5279
5416,5280
5417,5281
5418,5282
5419,5283
5420,5284
5421,5285
5422,5286
5423,5287
5424,5288
5425,5289
5426,5290
5427,5291
5428,5292
5429,5293
5430,5294
5431,5295
5432,5296
5433,5297
5434,5298
5435,5299
5436,5300
5437,5301
5438,5302
5439,5303
5440,5304
5441,5305
5442,5306
5443,5306
5444,5306
5445,5306
5446,5306
5447,5306
5448,5306
5449,5306
5450,5306
5451,5306
5452,5306
5453,5306
5454,5306
5455,5306
5456,5307
5457,5308
5458,5309
5459,5310
5460,5311
5461,5312
5462,5312
5463,5312
5464,5312
5465,5313
5466,5314
5467,5315
5468,5316
5469,5317
5470,5318
5471,5319
5472,5320
5473,5321
5474,5322
5475,5323
5476,5324
5477,5325
5478,5326
5479,5327
5480,5328
5481,5329
5482,5330
5483,5331
5484,5332
5485,5333
5486,5334
5487,5335
5488,5336
5489,5337
5490,5338
5491,5339
5492,5340
5493,5341
5494,5342
5495,5343
5496,5344
5497,5345
5498,5346
5499,5347
5500,5348
5501,5349
5502,5350
5503,5351
5504,5352
5505,5353
5506,5354
5507,5355
5508,5356
5509,5357
5510,5358
5511,5359
5512,5360
5513,5361
5514,5362
5515,5363
5516,5364
5517,5364
5518,5364
5519,5364
5520,5364
5521,5364
5522,5364
5523,5364
5524,5364
5525,5364
5526,5364
5527,5364
5528,5364
5529,5364
5530,5364
5531,5364
5532,5364
5533,5364
5534,5364
5535,5364
5536,5364
5537,5364
5538,5365
5539,5366
5540,5367
5541,5368
5542,5369
5543,5370
5544,5371
5545,5372
5546,5373
5547,5374
5548,5375
5549,5376
5550,5377
5551,5378
5552,5379
5553,5380
5554,5381
5555,5382
5556,5383
5557,5384
5558,5385
5559,5386
5560,5387
5561,5388
5562,5389
5563,5390
5564,5390
5565,5390
5566,5390
5567,5390
5568,5390
5569,5390
5570,5390
5571,5390
5572,5390
5573,5391
5574,5392
5575,5393
5576,5394
5577,5395
5578,5396
5579,5397
5580,5398
5581,5399
5582,5400
5583,5401
5584,5402
5585,5403
5586,5404
5587,5405
5588,5406
5589,5407
5590,5408
5591,5408
5592,5408
5593,5408
5594,5408
5595,5408
5596,5408
5597,5409
5598,5410
5599,5411
5600,5412
5601,5413
5602,5413
5603,5413
5604,5413
5605,5413
5606,5413
5607,5413
5608,5413
5609,5413
5610,5413
5611,5413
5612,5413
5613,5413
5614,5414
5615,5415
5616,5416
5617,5417
5618,5418
5619,5419
5620,5420
5621,5421
5622,5422
5623,5423
5624,5424
5625,5425
5626,5426
5627,5427
5628,5428
5629,5429
5630,5430
5631,5431
5632,5432
5633,5433
5634,5434
5635,5435
5636,5435
5637,5435
5638,5435
5639,5435
5640,5436
5641,5437
5642,5438
5643,5439
5644,5440
5645,5441
5646,5442
5647,5443
5648,5444
5649,5445
5650,5446
5651,5447
5652,5448
5653,5449
5654,5450
5655,5451
5656,5452
5657,5453
5658,5454
5659,5455
5660,5456
5661,5457
5662,5458
5663,5459
5664,5460
5665,5461
5666,5462
5667,5463
5668,5464
5669,5465
5670,5466
5671,5467
5672,5468
5673,5469
5674,5470
5675,5471
5676,5472
5677,5473
5678,5474
5679,5475
5680,5476
5680,5477
5680,5478
5680,5479
5680,5480
5680,5481
5680,5482
5680,5483
5680,5484
5680,5485
5680,5486
5680,5487
5680,5488
5680,5489
5680,5490
5680,5491
5680,5492
5680,5493
5680,5494
5680,5495
5680,5496
5680,5497
5680,5498
5680,5499
5680,5500
5680,5501
5680,5502
5680,5503
5680,5504
5680,5505
5680,5506
5680,5507
5680,5508
5680,5509
5680,5510
5680,5511
5680,5512
5680,5513
5680,5514
5680,5515
5680,5516
5680,5517
5680,5518
5680,5519
5680,5520
5680,5521
5680,5522
5681,5523
5682,5524
5683,5525
5684,5526
5685,5527
5686,5528
5687,5529
5688,5530
5689,5531
5690,5532
5691,5533
5692,5534
5693,5535
5694,5536
5695,5537
5696,5538
5697,5539
5698,5540
5699,5541
5700,5542
5701,5543
5702,5544
5703,5545
5704,5546
5705,5547
5706,5548
5707,5549
5708,5550
5709,5551
5710,5552
5711,5553
5712,5554
5713,5555
5714,5556
5715,5557
5716,5558
5717,5559
5718,5560
5719,5561
5720,5562
5721,5563
5722,5564
5723,5565
5724,5566
5725,5567
5726,5568
5727,5569
5728,5570
5729,5571
5730,5572
5731,5573
5732,5574
5733,5575
5734,5576
5735,5576
5736,5576
5737,5576
5738,5576
5739,5576
5740,5576
5741,5576
5742,5576
5743,5576
5744,5576
5745,5576
5746,5576
5747,5576
5748,5576
5749,5576
5750,5576
5751,5576
5752,5576
5753,5576
5754,5576
5755,5576
5756,5576
5757,5576
5758,5576
5759,5576
5760,5576
5761,5576
5762,5576
5763,5576
5764,5576
5765,5576
5766,5576
5767,5576
5768,5576
5769,5577
5770,5578
5771,5579
5772,5580
5773,5581
5774,5582
5775,5583
5776,5584
5777,5585
5778,5586
5779,5587
5780,5588
5781,5589
5782,5590
5783,5591
5784,5592
5785,5593
5786,5594
5787,5595
5788,5596
5789,5597
5790,5598
5791,5599
5792,5600
5793,5601
5794,5602
5795,5603
5796,5604
5797,5605
5798,5606
5799,5607
5800,5608
5800,5609
5800,5610
5801,5611
5802,5612
5803,5613
5804,5614
5805,5615
5806,5616
5807,5617
5808,5618
5809,5619
5810,5620
5811,5621
5812,5622
5813,5623
5814,5624
5815,5625
5816,5626
5817,5627
5818,5628
5819,5629
5820,5630
5821,5631
5822,5632
5823,5633
5824,5633
5825,5633
5826,5634
5827,5635
5828,5636
5829,5637
5830,5638
5831,5639
5832,5640
5833,5641
5834,5642
5835,5643
5836,5644
5837,5645
5838,5646
5839,5647
5840,5648
5841,5649
5842,5650
5843,5651
5844,5652
5845,5653
5846,5654
5847,5655
5848,5656
5849,5657
5850,5658
5851,5659
5852,5660
5853,5661
5854,5662
5855,5663
5856,5664
5857,5665
5858,5666
5859,5667
5860,5668
5861,5669
5862,5670
5863,5671
5864,5672
5865,5673
5866,5674
5867,5675
5868,5676
5869,5677
5870,5678
5871,5679
5872,5680
5873,5681
5874,5682
5875,5683
5876,5684
5877,5685
5878,5686
5879,5687
5880,5688
5881,5689
5882,5690
5883,5691
5884,5692
5885,5693
5886,5694
5887,5695
5888,5696
5889,5697
5890,5698
5891,5699
5892,5700
5893,5701
5894,5702
5895,5703
5896,5704
5897,5705
5898,5706
5899,5706
5900,5706
5901,5706
5902,5706
5903,5706
5904,5706
5905,5706
5906,5706
5907,5706
5908,5706
5909,5706
5910,5706
5911,5706
5912,5706
5913,5706
5914,5706
5915,5706
5916,5706
5917,5707
5918,5708
5919,5709
5920,5710
5921,5711
5922,5712
5923,5713
5924,5713
5925,5713
5926,5713
5927,5713
5928,5713
5929,5713
5930,5713
5931,5713
5932,5714
5933,5715
5934,5716
5935,5717
5936,5718
5937,5719
5938,5720
5939,5721
5940,5722
5941,5722
5942,5722
5943,5722
5944,5723
5945,5724
5946,5725
5947,5726
5948,5727
5949,5728
5950,5729
5951,5730
5952,5731
5953,5732
5954,5733
5955,5734
5956,5735
5957,5736
5958,5737
5959,5738
5960,5739
5961,5740
5962,5741
5963,5742
5964,5743
5965,5744
5966,5745
5967,5746
5968,5747
5969,5748
5970,5749
5971,5750
5972,5751
5973,5752
5974,5753
5975,5754
5976,5755
5977,5756
5978,5757
5979,5758
5980,5759
5981,5760
5982,5761
5983,5762
5984,5763
5985,5763
5986,5763
5987,5763
5988,5763
5989,5763
5990,5763
5991,5763
5992,5763
5993,5763
5994,5763
5995,5763
5996,5763
5997,5763
5998,5763
5999,5763
6000,5763
6001,5763
6002,5763
6003,5763
6004,5763
6005,5763
6006,5763
6007,5764
6008,5765
6009,5766
6010,5767
6011,5768
6012,5769
6013,5770
6014,5771
6015,5772
6016,5773
6017,5774
6018,5775
6019,5776
6020,5777
6021,5778
6022,5779
6023,5780
6024,5781
6025,5782
6026,5783
6027,5784
6028,5785
6029,5786
6030,5787
6031,5788
6032,5789
6033,5790
6034,5791
6035,5792
6036,5793
6037,5794
6038,5795
6039,5796
6040,5797
6041,5798
6042,5799
6043,5800
6044,5801
6045,5802
6046,5803
6047,5804
6048,5805
6049,5806
6050,5807
6051,5808
6052,5809
6053,5810
6054,5811
6055,5812
6056,5813
6057,5814
6058,5815
6059,5816
6060,5817
6061,5818
6062,5819
6063,5820
6064,5821
6065,5822
6066,5823
6067,5823
6068,5823
6069,5823
6070,5823
6071,5823
6072,5823
6073,5823
6074,5823
6075,5824
6076,5825
6077,5826
6078,5827
6079,5828
6080,5829
6081,5830
6082,5831
6083,5832
6084,5833
6085,5834
6086,5835
6087,5836
6088,5837
6089,5838
6090,5839
6091,5839
6092,5839
6093,5839
6094,5839
6095,5839
6096,5839
6097,5839
6098,5839
6099,5839
6100,5840
6101,5841
6102,5842
6103,5843
6104,5844
6105,5845
6106,5846
6107,5847
6108,5848
6109,5849
6110,5850
6111,5851
6112,5852
6113,5852
6114,5852
6115,5852
6116,5852
6117,5852
6118,5852
6119,5853
6120,5854
6121,5855
6122,5856
6123,5857
6124,5858
6125,5859
6126,5860
6127,5861
6128,5862
6129,5863
6130,5864
6131,5865
6132,5866
6133,5866
6134,5866
6135,5866
6136,5866
6137,5866
6138,5866
6139,5867
6140,5868
6141,5869
6142,5869
6143,5869
6144,5869
6145,5869
6146,5869
6147,5869
6148,5869
6149,5869
6150,5870
6151,5871
6152,5872
6153,5873
6154,5874
6155,5875
6156,5876
6157,5877
6158,5878
6159,5879
6160,5880
6161,5881
6162,5882
6163,5883
6164,5884
6165,5885
6166,5886
6167,5887
6168,5888
6169,5889
6170,5890
6171,5891
6172,5892
6173,5893
6174,5894
6175,5895
6176,5896
6177,5897
6178,5898
6179,5899
6180,5900
6181,5901
6182,5902
6183,5903
6184,5904
6185,5905
6186,5906
6187,5907
6188,5907
6189,5907
6190,5907
6191,5907
6192,5907
6193,5907
6194,5907
6195,5907
6196,5907
6197,5907
6198,5907
6199,5907
6200,5908
6201,5909
6202,5910
6203,5911
6204,5912
6205,5913
6206,5914
6207,5915
6208,5916
6209,5917
6210,5918
6211,5919
6212,5920
6213,5921
6214,5922
6215,5923
6216,5924
6217,5925
6218,5926
6219,5927
6220,5928
6221,5929
6222,5930
6223,5931
6224,5932
6225,5933
6226,5934
6227,5935
6228,5936
6229,5937
6230,5938
6231,5939
6232,5940
6233,5941
6234,5942
6235,5943
6236,5944
6237,5945
6238,5946
6239,5947
6240,5948
6241,5949
6242,5950
6243,5951
6244,5952
6245,5953
6246,5954
6247,5955
6248,5956
6249,5957
6250,5958
6251,5959
6252,5960
6253,5961
6254,5962
6255,5963
6256,5964
6257,5965
6258,5966
6259,5967
6260,5968
6261,5969
6262,5970
6263,5970
6264,5970
6265,5970
6266,5970
6267,5970
6268,5970
6269,5970
6270,5970
6271,5970
6272,5971
6273,5972
6274,5973
6275,5974
6276,5975
6277,5976
6278,5977
6279,5978
6280,5979
6281,5980
6282,5981
6283,5982
6284,5983
6285,5984
6286,5985
6287,5986
6288,5987
6289,5988
6290,5989
6291,5990
6292,5991
6293,5992
6294,5993
6295,5994
6296,5995
6297,5996
6298,5997
6299,5998
6300,5999
6301,6000
6302,6001
6303,6001
6304,6002
6305,6003
6306,6004
6307,6005
6308,6006
6309,6007
6310,6008
6311,6009
6312,6010
6313,6011
6314,6012
6315,6013
6316,6014
6317,6015
6318,6016
6319,6017
6320,6018
6321,6019
6322,6020
6323,6021
6324,6022
6325,6023
6326,6023
6327,6023
6328,6023
6329,6023
6330,6023
6331,6024
6332,6025
6333,6026
6334,6027
6335,6028
6336,6029
6337,6030
6338,6031
6339,6032
6340,6033
6341,6034
6342,6035
6343,6036
6344,6037
6345,6038
6346,6039
6347,6040
6348,6041
6349,6042
6350,6043
6351,6043
6352,6043
6353,6043
6354,6043
6355,6043
6356,6043
6357,6043
6358,6043
6359,6044
6360,6045
6361,6046
6362,6047
6363,6048
6364,6049
6365,6050
6366,6051
6367,6051
6368,6051
6369,6051
6370,6051
6371,6051
6372,6051
6373,6051
6374,6051
6375,6051
6376,6052
6377,6053
6378,6054
6379,6055
6380,6056
6381,6057
6382,6058
6383,6059
6384,6060
6385,6060
6386,6060
6387,6060
6388,6060
6389,6060
6390,6060
6391,6060
6392,6061
6393,6062
6394,6063
6395,6064
6396,6065
6397,6066
6398,6067
6399,6068
6400,6069
6401,6070
6402,6071
6403,6072
6404,6073
6405,6074
6406,6075
6407,6076
6408,6077
6409,6078
6410,6079
6411,6080
6412,6081
6413,6082
6414,6083
6415,6084
6416,6084
6417,6084
6418,6084
6419,6085
6420,6086
6421,6086
6422,6086
6423,6086
6424,6086
6425,6086
6426,6086
6427,6086
6428,6086
6429,6087
6430,6088
6431,6089
6432,6090
6433,6091
6434,6092
6435,6093
6436,6094
6437,6095
6438,6096
6439,6097
6440,6098
6441,6099
6442,6100
6443,6101
6444,6102
6445,6103
6446,6104
6447,6105
6448,6106
6449,6107
6450,6108
6451,6109
6452,6110
6453,6111
6454,6112
6455,6112
6456,6112
6457,6112
6458,6112
6459,6113
6460,6114
6461,6115
6462,6116
6463,6117
6464,6118
6465,6119
6466,6120
6467,6121
6468,6122
6469,6123
6470,6124
6471,6125
6472,6125
6473,6125
6474,6125
6475,6126
6476,6127
6477,6128
6478,6129
6479,6130
6480,6131
6481,6132
6482,6133
6483,6134
6484,6135
6485,6136
6486,6137
6487,6138
6488,6139
6489,6140
6490,6141
6491,6142
6492,6143
6493,6144
6494,6145
6495,6146
6496,6147
6497,6148
6498,6149
6499,6150
6500,6151
6501,6152
6502,6153
6503,6154
6504,6154
6505,6155
6506,6156
6507,6157
6508,6158
6509,6159
6510,6160
6511,6161
6512,6162
6513,6163
6514,6164
6515,6165
6516,6166
6517,6167
6518,6168
6519,6169
6520,6170
6520,6171
6520,6172
6520,6173
6520,6174
6520,6175
6520,6176
6520,6177
6520,6178
6520,6179
6520,6180
6520,6181
6520,6182
6520,6183
6520,6184
6520,6185
6520,6186
6520,6187
6520,6188
6520,6189
6520,6190
6520,6191
6520,6192
6520,6193
6520,6194
6520,6195
6520,6196
6521,6197
6522,6198
6523,6199
6524,6200
6525,6201
6526,6202
6527,6203
6528,6204
6529,6205
6530,6206
6531,6207
6532,6208
6533,6209
6534,6210
6535,6211
6536,6212
6537,6213
6538,6214
6539,6215
6540,6216
6541,6217
6542,6218
6543,6219
6544,6220
6545,6221
6546,6222
6547,6223
6548,6224
6549,6225
6550,6226
6551,6227
6552,6228
6553,6229
6554,6230
6555,6231
6556,6232
6557,6233
6558,6234
6559,6235
6560,6236
6560,6237
6560,6238
6560,6239
6561,6240
6562,6241
6563,6242
6564,6243
6565,6244
6566,6245
6567,6246
6568,6247
6569,6248
6570,6249
6571,6250
6572,6251
6573,6252
6574,6253
6575,6254
6576,6255
6577,6256
6578,6257
6579,6258
6580,6259
6580,6260
6580,6261
6581,6262
6582,6263
6583,6264
6584,6265
6585,6266
6586,6267
6587,6268
6588,6269
6589,6270
6590,6271
6591,6272
6592,6273
6593,6274
6594,6275
6595,6276
6596,6277
6597,6278
6598,6279
6599,6280
6600,6281
6600,6282
6600,6283
6600,6284
6600,6285
6600,6286
6600,6287
6600,6288
6600,6289
6600,6290
6600,6291
6601,6292
6602,6293
6603,6294
6604,6295
6605,6296
6606,6297
6607,6298
6608,6299
6609,6300
6610,6301
6611,6302
6612,6303
6613,6304
6614,6305
6615,6306
6616,6307
6617,6308
6618,6309
6619,6310
6620,6311
6620,6312
6620,6313
6620,6314
6620,6315
6620,6316
6620,6317
6620,6318
6620,6319
6620,6320
6620,6321
6620,6322
6620,6323
6620,6324
6620,6325
6620,6326
6620,6327
6620,6328
6620,6329
6620,6330
6620,6331
6620,6332
6620,6333
6620,6334
6620,6335
6620,6336
6620,6337
6620,6338
6620,6339
6621,6340
6622,6341
6623,6342
6624,6343
6625,6344
6626,6345
6627,6346
6628,6347
6629,6348
6630,6349
6631,6350
6632,6351
6633,6352
6634,6353
6635,6354
6636,6355
6637,6356
6638,6357
6639,6358
6640,6359
6640,6360
6640,6361
6640,6362
6640,6363
6640,6364
6640,6365
6640,6366
6640,6367
6640,6368
6640,6369
6640,6370
6640,6371
6640,6372
6640,6373
6640,6374
6640,6375
6640,6376
6640,6377
6640,6378
6640,6379
6640,6380
6640,6381
6640,6382
6640,6383
6640,6384
6640,6385
6640,6386
6640,6387
6640,6388
6640,6389
6640,6390
6640,6391
6640,6392
6640,6393
6640,6394
6640,6395
6640,6396
6640,6397
6640,6398
6640,6399
6641,6400
6642,6401
6643,6402
6644,6403
6645,6404
6646,6405
6647,6406
6648,6407
6649,6408
6650,6409
6651,6410
6652,6411
6653,6412
6654,6413
6655,6414
6656,6415
6657,6416
6658,6417
6659,6418
6660,6419
6661,6420
6662,6421
6663,6422
6664,6423
6665,6424
6666,6425
6667,6426
6668,6427
6669,6428
6670,6429
6671,6430
6672,6431
6673,6432
6674,6433
6675,6434
6676,6435
6677,6436
6678,6437
6679,6438
6680,6439
6681,6440
6682,6441
6683,6441
6684,6441
6685,6441
6686,6441
6687,6441
6688,6441
6689,6441
6690,6441
6691,6441
6692,6441
6693,6441
6694,6441
6695,6441
6696,6441
6697,6441
6698,6441
6699,6441
6700,6441
6701,6441
6702,6441
6703,6441
6704,6441
6705,6441
6706,6441
6707,6441
6708,6441
6709,6442
6710,6443
6711,6444
6712,6445
6713,6446
6714,6447
6715,6448
6716,6449
6717,6450
6718,6451
6719,6452
6720,6453
